text	size
b	1445
facebook	1244
n	736
data	238
news	235
amp	199
new	191
video	174
2	151
big	139
million	130
like	129
posted	127
zuckerberg	127
vote	126
9	118
leave	112
firm	111
huge	110
people	107
spent	106
us	105
aggregateiq	102
chief	102
suspends	102
strate	101
vl	101
live	90
ads	82
via	81
see	79
get	78
time	77
im	74
mark	70
political	69
day	67
one	67
4	65
great	65
know	64
selling	64
share	59
1	58
april	58
go	58
seen	58
today	58
good	55
page	53
want	53
years	53
breaking	51
late	50
much	49
privacy	49
tonight	49
going	48
social	48
something	48
2018	47
come	47
help	47
media	47
require	47
love	46
please	46
would	46
first	45
messages	45
still	45
7	44
shit	44
democracy	43
verification	43
show	42
twitter	42
damage	41
friends	41
friday	40
need	40
ntoo	40
users	40
watch	39
bruh	38
cambridge	38
got	38
made	38
next	38
3	37
crying	37
deadass	37
rn	37
thanks	36
analytica	35
could	35
join	35
let	35
think	35
weekend	35
always	34
even	34
little	34
post	34
say	34
work	34
free	33
keep	33
many	33
theyre	33
aiq	32
last	32
may	32
saturday	32
take	32
world	32
check	31
every	31
nplease	31
nyc	31
party	31
profile	31
trump	31
6	30
asked	30
beautiful	30
family	30
google	30
life	30
never	30
night	30
private	30
two	30
week	30
act	29
back	29
campaign	29
information	29
music	29
best	28
coming	28
make	28
right	28
stop	28
tomorrow	28
year	28
8	27
company	27
fb	27
home	27
hospitals	27
info	27
old	27
chance	26
read	26
yet	26
15	25
nthe	25
open	25
pretty	25
really	25
school	25
secretly	25
30	24
de	24
deleting	24
says	24
state	24
another	23
away	23
event	23
fun	23
support	23
way	23
also	22
disturbing	22
enough	22
everyone	22
far	22
found	22
medical	22
sorry	22
sweet	22
thank	22
tickets	22
u	22
5	21
apology	21
distribute	21
find	21
friend	21
group	21
happy	21
look	21
scare	21
sure	21
wanted	21
10	20
deletefacebook	20
dont	20
ever	20
instagram	20
job	20
messenger	20
facebooks	19
imagineyourkorea	19
money	19
official	19
sales	19
someone	19
soon	19
start	19
update	19
account	18
block	18
excited	18
getting	18
give	18
kids	18
link	18
nazi	18
needs	18
nonstop	18
obama	18
pm	18
power	18
rt	18
thing	18
used	18
user	18
working	18
amazing	17
apologizing	17
around	17
boy	17
end	17
full	17
girl	17
house	17
miss	17
npledgefosterrescueadopt	17
omg	17
place	17
ready	17
records	17
said	17
scandal	17
sent	17
spring	17
unsend	17
urged	17
using	17
adopt	16
business	16
days	16
kill	16
la	16
lol	16
lot	16
man	16
nothing	16
nycacc	16
protect	16
puppy	16
relic	16
started	16
story	16
technology	16
tell	16
win	16
across	15
art	15
ask	15
available	15
black	15
buy	15
called	15
city	15
club	15
committee	15
f	15
fake	15
hope	15
left	15
loving	15
memphis	15
must	15
ni	15
number	15
posts	15
retweeted	15
sandberg	15
sunday	15
top	15
w	15
well	15
wide	15
anyone	14
bill	14
bro	14
c	14
call	14
ceo	14
community	14
damn	14
enjoy	14
gaza	14
greater	14
hall	14
hate	14
including	14
law	14
long	14
nfacebook	14
nthis	14
personal	14
protecting	14
put	14
risk	14
set	14
team	14
weaponized	14
young	14
youtube	14
zuck	14
ad	13
along	13
america	13
anonymized	13
article	13
banned	13
book	13
cats	13
chicago	13
comment	13
design	13
done	13
effectively	13
follow	13
gt	13
hard	13
hash	13
hear	13
hey	13
learn	13
listen	13
looking	13
message	13
online	13
part	13
phone	13
play	13
public	13
sa	13
sad	13
sign	13
southkorea	13
surveillance	13
tea	13
things	13
true	13
use	13
v	13
visitkorea	13
wait	13
wild	13
11	12
2012	12
amazon	12
anything	12
better	12
bit	12
blah	12
bring	12
ca	12
came	12
cartoon	12
caught	12
comcast	12
congress	12
cool	12
delete	12
deleted	12
deletes	12
desperately	12
detailed	12
eu	12
everything	12
face	12
feel	12
folks	12
founder	12
giving	12
health	12
hiding	12
hold	12
https	12
local	12
loonylibs	12
means	12
members	12
microsoft	12
na	12
networks	12
pay	12
photos	12
pls	12
question	12
real	12
report	12
saying	12
secret	12
since	12
stuff	12
super	12
thought	12
trying	12
urgent	12
verizon	12
water	12
went	12
without	12
00	11
17	11
18	11
20	11
2017	11
admits	11
awesome	11
backed	11
bad	11
birthday	11
center	11
devil	11
federal	11
giveaway	11
god	11
government	11
groups	11
happening	11
hour	11
l	11
lt	11
moment	11
month	11
north	11
nwe	11
opted	11
parents	11
patents	11
patient	11
person	11
pose	11
robinson	11
sale	11
sharing	11
shelter	11
shot	11
side	11
special	11
summer	11
tar	11
taught	11
test	11
took	11
tour	11
website	11
wow	11
ya	11
14	10
abuse	10
accounts	10
action	10
ago	10
beach	10
brother	10
click	10
co	10
compromised	10
congratulations	10
corporate	10
dark	10
david	10
dinner	10
dog	10
e	10
etc	10
evening	10
executives	10
game	10
greedy	10
h	10
heart	10
hell	10
inboxes	10
israeli	10
issue	10
j	10
killed	10
makes	10
mom	10
monday	10
morning	10
near	10
r	10
release	10
run	10
service	10
sometimes	10
st	10
talk	10
third	10
tied	10
tn	10
tool	10
visit	10
100	9
100k	9
12	9
180407	9
add	9
artists	9
attending	9
biggest	9
canadian	9
cant	9
censoring	9
children	9
close	9
deserves	9
die	9
donald	9
election	9
else	9
events	9
extent	9
feature	9
fix	9
forward	9
fucking	9
gave	9
gonna	9
guess	9
hahaha	9
head	9
history	9
include	9
internet	9
interview	9
ladies	9
lets	9
letter	9
list	9
markzuckerberg	9
maybe	9
meet	9
might	9
mother	9
move	9
name	9
national	9
nestle	9
network	9
notice	9
ok	9
park	9
peace	9
perfect	9
plan	9
playground	9
playing	9
pledge	9
proud	9
radio	9
red	9
robert	9
save	9
season	9
shared	9
sold	9
star	9
starting	9
steal	9
stream	9
travelkorea	9
tuesday	9
turn	9
tv	9
views	9
voice	9
wants	9
weeks	9
worked	9
yeah	9
youre	9
7pm	8
abusing	8
accountable	8
adoption	8
album	8
announce	8
anti	8
attention	8
beating	8
becomes	8
believe	8
breach	8
brown	8
cam	8
cambridgeanalytica	8
camp	8
cd	8
celebrate	8
clinton	8
companies	8
content	8
contest	8
cra	8
cute	8
date	8
dept	8
disgusting	8
donated	8
downed	8
enter	8
expensive	8
experience	8
fair	8
favorite	8
final	8
finally	8
florida	8
fo	8
follows	8
food	8
guys	8
heinous	8
heres	8
high	8
hw	8
indicate	8
int	8
isnt	8
john	8
jonathan	8
kind	8
korean	8
launch	8
looks	8
making	8
march	8
mission	8
mr	8
oh	8
organization	8
p	8
picture	8
pitre	8
platform	8
politicians	8
praised	8
protest	8
reason	8
respond	8
saw	8
security	8
sheryl	8
small	8
southkoreaisn	8
stay	8
step	8
street	8
student	8
success	8
tech	8
thats	8
tracking	8
training	8
uses	8
videos	8
viral	8
weasel	8
wedding	8
wish	8
women	8
word	8
write	8
zuckerbergs	8
10pm	7
2nd	7
7th	7
actually	7
afternoon	7
alive	7
anywhere	7
apparently	7
appears	7
area	7
baby	7
bank	7
bar	7
become	7
behind	7
blue	7
car	7
care	7
cat	7
catch	7
cc	7
cdt	7
ceos	7
change	7
china	7
class	7
concert	7
contact	7
corner	7
couple	7
death	7
definitely	7
details	7
dia	7
different	7
doctor	7
doj	7
dr	7
dulu	7
eating	7
em	7
episode	7
exactly	7
exo	7
eye	7
fact	7
fancy	7
feds	7
film	7
fitness	7
former	7
four	7
future	7
g	7
gets	7
goes	7
golden	7
grab	7
guns	7
hearing	7
hipst	7
hours	7
hussein	7
interested	7
irs	7
israel	7
jesus	7
kat	7
kedai	7
laws	7
league	7
liked	7
member	7
mercer	7
minutes	7
mo	7
months	7
ncritical	7
negative	7
nfbi	7
nhe	7
nhussein	7
nim	7
nwhat	7
nyou	7
nyt	7
ones	7
pegi	7
questions	7
rescue	7
restaurant	7
rm80	7
rolled	7
rules	7
russia	7
san	7
science	7
secretive	7
self	7
sergeant	7
shop	7
son	7
spec	7
specs	7
standard	7
straight	7
streaming	7
swamp	7
tag	7
tired	7
together	7
told	7
tomorrows	7
trending	7
truly	7
try	7
tu	7
turned	7
verified	7
viewing	7
vs	7
warning	7
whats	7
wonderful	7
writing	7
x	7
xiumin	7
yang	7
yes	7
yg	7
yo	7
000	6
04	6
06	6
10am	6
19	6
2016	6
5th	6
8pm	6
acc	6
adorable	6
affected	6
ahead	6
almost	6
app	6
artist	6
becoming	6
believes	6
blame	6
body	6
booth	6
brand	6
brought	6
calling	6
case	6
celebrating	6
christ	6
collection	6
com	6
comments	6
confirmed	6
correspondents	6
county	6
course	6
criticisms	6
dance	6
door	6
dream	6
earth	6
easy	6
en	6
fan	6
fans	6
features	6
fec	6
feeling	6
fight	6
fixes	6
flat	6
following	6
force	6
forces	6
freeze	6
friendship	6
games	6
gates	6
glad	6
hair	6
happens	6
harris	6
hi	6
hillary	6
hit	6
holdo	6
hop	6
hurry	6
identities	6
identity	6
important	6
inc	6
incredible	6
interesting	6
international	6
ive	6
k	6
kick	6
kits	6
knew	6
land	6
laugh	6
least	6
less	6
liberal	6
likes	6
line	6
lives	6
living	6
lots	6
luck	6
mad	6
major	6
matter	6
mean	6
meeting	6
mind	6
mining	6
movie	6
n1	6
ngood	6
nin	6
nlisten	6
nmark	6
offer	6
onthisday	6
opt	6
oracle	6
outdoor	6
pages	6
pain	6
palestinians	6
passed	6
past	6
performing	6
plant	6
playful	6
plus	6
police	6
powerful	6
practices	6
problem	6
promote	6
received	6
regulation	6
remember	6
reportedly	6
sat	6
sell	6
send	6
session	6
shows	6
signing	6
single	6
south	6
spend	6
spreading	6
stronger	6
students	6
style	6
system	6
taking	6
talking	6
target	6
taylor	6
texas	6
theft	6
tim	6
times	6
tools	6
town	6
tribute	6
unbelievable	6
united	6
unless	6
violence	6
vip	6
waiting	6
watching	6
weather	6
web	6
wednesday	6
welcome	6
winner	6
wit	6
witnesses	6
wont	6
words	6
york	6
10th	5
1st	5
1yo	5
2a	5
31	5
500	5
able	5
absolutely	5
activity	5
actuall	5
advertisers	5
advertising	5
age	5
agree	5
aka	5
alone	5
already	5
american	5
animal	5
announced	5
anymore	5
army	5
ass	5
author	5
automated	5
ave	5
band	5
batch	5
behavior	5
behold	5
blimey	5
boileau	5
break	5
breitbart	5
built	5
busy	5
c4	5
california	5
calls	5
challenge	5
changed	5
chats	5
chuck	5
citizens	5
claim	5
control	5
coo	5
country	5
customer	5
dcms	5
deal	5
dear	5
difference	5
discussion	5
division	5
dodgy	5
doesnt	5
doors	5
dumb	5
education	5
elections	5
entire	5
ep	5
experienced	5
eyes	5
faith	5
fanmeet	5
female	5
filled	5
fish	5
five	5
fixed	5
forget	5
foster	5
front	5
gallery	5
gives	5
gone	5
grill	5
guy	5
hail	5
happened	5
harvested	5
heard	5
helping	5
honest	5
hoping	5
hot	5
imagine	5
influence	5
inspiring	5
instead	5
jam	5
kathniels	5
knowing	5
kst	5
lake	5
latest	5
leaving	5
li	5
light	5
lucky	5
manual	5
maryland	5
mess	5
mi	5
missed	5
model	5
moving	5
mt	5
natural	5
nhmmmm	5
nice	5
nid	5
nit	5
npitre	5
nstolen	5
nthank	5
nwhen	5
ocean	5
office	5
order	5
overspending	5
passion	5
patent	5
paul	5
photo	5
photography	5
pics	5
positive	5
posting	5
president	5
price	5
privatemessages	5
project	5
protesters	5
publicly	5
reading	5
realize	5
related	5
reminder	5
running	5
safety	5
scan	5
se	5
secure	5
seeing	5
seems	5
ship	5
shocker	5
shopping	5
shout	5
site	5
skin	5
snapchat	5
society	5
solution	5
sovereign	5
stand	5
statement	5
status	5
stocks	5
store	5
subject	5
supporting	5
suspended	5
systems	5
targeted	5
th	5
theres	5
thinking	5
three	5
ticket	5
tina	5
tonights	5
tons	5
totally	5
train	5
truck	5
tyler	5
upon	5
valley	5
vet	5
voting	5
walk	5
wanna	5
waste	5
west	5
white	5
whole	5
wine	5
winners	5
winning	5
wishing	5
wonder	5
worse	5
worst	5
wrong	5
yesterday	5
0	4
14th	4
1980	4
27	4
2yo	4
3pm	4
3rd	4
6pm	4
access	4
acknowledge	4
activities	4
adoptable	4
alternative	4
analysis	4
angeles	4
anniversary	4
annual	4
anon	4
answer	4
api	4
argument	4
armies	4
arts	4
asking	4
awareness	4
bands	4
base	4
based	4
bc	4
beachcon	4
begin	4
benefit	4
bikes	4
blog	4
board	4
border	4
bots	4
boulder	4
breakfast	4
butterfly	4
cafe	4
camera	4
card	4
cause	4
cdnpoli	4
central	4
channel	4
character	4
charging	4
child	4
choir	4
church	4
clowns	4
coach	4
coffee	4
college	4
color	4
comedy	4
considering	4
created	4
credit	4
crew	4
currently	4
daily	4
dead	4
decision	4
depth	4
desk	4
disclosure	4
district	4
dm	4
dreams	4
drop	4
due	4
east	4
eat	4
efforts	4
elementary	4
emails	4
employee	4
employees	4
everyday	4
everywhere	4
example	4
excellent	4
exciting	4
exclusive	4
exist	4
faces	4
fail	4
fantastic	4
fast	4
fault	4
favors	4
featuring	4
feed	4
fellow	4
fighting	4
fined	4
fire	4
fisherman	4
footsteps	4
forever	4
fort	4
fostering	4
fuck	4
fucken	4
fully	4
gdpr	4
gentle	4
gold	4
golf	4
govt	4
grand	4
greatreturnmarch	4
greet	4
gun	4
handsome	4
hello	4
hershey	4
hes	4
highly	4
holding	4
honestly	4
honor	4
hook	4
host	4
hosted	4
hq	4
http	4
humans	4
iamtommy	4
id	4
indy	4
innocent	4
inspired	4
jessica	4
jobs	4
journalists	4
june	4
justice	4
kendra	4
king	4
knowledge	4
label	4
lady	4
large	4
later	4
leader	4
leaders	4
leadership	4
learning	4
level	4
library	4
lisa	4
london	4
longer	4
los	4
lose	4
lost	4
loved	4
low	4
mainstream	4
market	4
mary	4
mayo	4
men	4
mentioned	4
messag	4
michelle	4
middle	4
mile	4
mine	4
misuse	4
montana	4
nand	4
native	4
ncall	4
ncome	4
needed	4
nfriday	4
nfriendly	4
ng	4
nis	4
novel	4
nso	4
nsweet	4
nwho	4
oklahoma	4
opinion	4
others	4
pa	4
palestinian	4
panel	4
passes	4
peter	4
ph	4
plans	4
pleasant	4
policies	4
practice	4
prince	4
probably	4
product	4
protests	4
purpose	4
push	4
q	4
racing	4
racism	4
rap	4
recent	4
recently	4
reckoning	4
recovery	4
regulate	4
reminds	4
requiring	4
rescued	4
response	4
reuters	4
review	4
rich	4
ride	4
rights	4
road	4
room	4
routine	4
russian	4
samuel	4
scott	4
scrape	4
search	4
second	4
selectively	4
senior	4
shes	4
showed	4
signs	4
simple	4
singer	4
sites	4
smart	4
smile	4
smrookies	4
sooncan	4
sound	4
space	4
speaking	4
speech	4
spirit	4
sponsored	4
sponsors	4
sports	4
staff	4
states	4
staying	4
stock	4
streets	4
strength	4
sue	4
suffering	4
summit	4
swing	4
ta	4
takes	4
teacher	4
television	4
terms	4
threat	4
tinder	4
tommy	4
trail	4
treat	4
tune	4
tx	4
university	4
updates	4
uploaded	4
utm	4
velvet	4
view	4
violated	4
violent	4
voters	4
wa	4
wake	4
watched	4
ways	4
weddings	4
welfare	4
western	4
wh	4
whatsapp	4
whose	4
woman	4
worth	4
13	3
13th	3
180406	3
1943	3
24	3
25	3
30am	3
33	3
333	3
45am	3
46	3
4dx	3
4yo	3
50	3
5pm	3
6th	3
80	3
87	3
8th	3
90017	3
activism	3
address	3
admins	3
adopted	3
adult	3
agent	3
aid	3
aids	3
aimed	3
airport	3
algorithm	3
alliance	3
americans	3
amount	3
ang	3
anivia	3
announces	3
anthony	3
antonio	3
applications	3
apply	3
approved	3
areas	3
asenso	3
attached	3
attack	3
attempted	3
attorney	3
audience	3
austin	3
australian	3
backpage	3
bag	3
ball	3
bbc	3
bcpoli	3
beaudry	3
beer	3
bigdata	3
bigtech	3
bike	3
billion	3
bio	3
bisayaa	3
bitch	3
blockchain	3
boat	3
bombshell	3
bone	3
boom	3
brazil	3
brings	3
broadcast	3
broke	3
bunny	3
busan	3
calm	3
cancel	3
cannot	3
career	3
carlos	3
causing	3
ceglia	3
censorship	3
centre	3
centrio	3
certain	3
ch	3
chanceim	3
checked	3
choose	3
chris	3
cks	3
clashes	3
classes	3
clients	3
closing	3
clothing	3
cocktail	3
cole	3
collecting	3
collin	3
colorado	3
compensation	3
completely	3
conditions	3
conference	3
consent	3
conservative	3
continue	3
cooey	3
cook	3
cookie	3
copenhagen	3
correspondence	3
courage	3
covi	3
crazy	3
cream	3
cruelty	3
crumb	3
crystal	3
cultural	3
culture	3
cup	3
cutest	3
da	3
daegu	3
dallas	3
damaged	3
darren	3
daughter	3
davis	3
dele	3
demand	3
designed	3
designers	3
despite	3
detroit	3
dfpangmainestoreko	3
diamond	3
died	3
directors	3
dirtbags	3
disappearing	3
dogs	3
donate	3
donna	3
double	3
draven	3
drink	3
drinking	3
drive	3
dun	3
dutyfreephilippines	3
early	3
economic	3
ed	3
edited	3
either	3
electric	3
elk	3
email	3
endorsed	3
enforcement	3
entered	3
entertainment	3
entries	3
equipment	3
eric	3
est	3
et	3
ethnic	3
european	3
eventually	3
everybody	3
everyd4y	3
explain	3
explains	3
extra	3
extraordinary	3
exupr	3
facts	3
failed	3
failing	3
fakenews	3
farm	3
fashion	3
father	3
fbi	3
fear	3
festival	3
fields	3
fiestamall	3
filmed	3
finals	3
financial	3
finds	3
fishing	3
fit	3
flashback	3
floor	3
fly	3
focus	3
foh	3
foot	3
footage	3
formally	3
fortheloveofsatos	3
foundation	3
fund	3
fundraiser	3
fyi	3
ga	3
gab	3
gather	3
george	3
girls	3
gis	3
given	3
glorious	3
gmana	3
goal	3
gospel	3
gotta	3
graduate	3
green	3
growth	3
guardian	3
gym	3
gypsy	3
ha	3
haha	3
half	3
happen	3
hasnt	3
hat	3
havent	3
healthy	3
heat	3
helens	3
helpful	3
hero	3
hike	3
hollywood	3
holy	3
homeless	3
horrifying	3
horror	3
horse	3
hosting	3
hosts	3
hotel	3
houston	3
human	3
hundreds	3
hygiene	3
hypocrisy	3
ideas	3
ill	3
illusion	3
immediately	3
impacted	3
injustice	3
investigation	3
iron	3
isis	3
james	3
jewish	3
joke	3
jones	3
journalist	3
journey	3
judge	3
kauai	3
keeping	3
keeps	3
kept	3
ki	3
kicks	3
killing	3
killings	3
kim	3
kinda	3
kita	3
kitchen	3
known	3
knows	3
labor	3
lane	3
launched	3
lawmakers	3
leads	3
led	3
lee	3
legislators	3
liar	3
liberia	3
lifestyle	3
lil	3
limited	3
lineup	3
literally	3
livestreaming	3
livia	3
lmao	3
longing	3
lord	3
lovely	3
luxury	3
lying	3
mag	3
magic	3
mah	3
manager	3
mandy	3
margin	3
marketing	3
mayor	3
meddling	3
membership	3
merch	3
messageswhich	3
methods	3
miami	3
michael	3
mid	3
mike	3
miles	3
military	3
mini	3
missing	3
mix	3
monthly	3
motivated	3
mountain	3
mouth	3
moved	3
movements	3
movies	3
museum	3
musical	3
musl	3
muslim	3
myanmar	3
myiah	3
naffectionate	3
nanyone	3
nat	3
nation	3
nationalschoolwalkout	3
natives	3
navailable	3
nbig	3
nbot	3
nbut	3
nclick	3
ncolor	3
nearly	3
nfan	3
nfri	3
nfrom	3
nhelp	3
nightclub	3
njust	3
nkita	3
nlausd	3
nlet	3
nlimited	3
nlink	3
nlook	3
nmore	3
nmy	3
nobody	3
non	3
noon	3
northern	3
note	3
notifications	3
notmainstream	3
nprice	3
nsizes	3
ntaken	3
nto	3
numb	3
nurgent	3
nwhy	3
obvious	3
oi	3
ontarioelection	3
onto	3
opening	3
oppose	3
option	3
oregon	3
original	3
orocovis	3
outfit	3
outlet	3
outrage	3
outside	3
owner	3
paid	3
pairs	3
pandora	3
parish	3
participating	3
parts	3
pasakay	3
pass	3
pat	3
patio	3
patton	3
peoples	3
performed	3
pet	3
peters	3
philippines	3
pic	3
picked	3
pictures	3
plastic	3
platforms	3
poor	3
potential	3
pr	3
prayers	3
preaching	3
premier	3
premiere	3
presentation	3
princess	3
probe	3
proceeds	3
products	3
progressive	3
prom	3
provides	3
pst	3
pub	3
puts	3
qanon	3
quick	3
quote	3
rally	3
rasmussen	3
reached	3
reads	3
realtor	3
reasons	3
receive	3
record	3
reform	3
relating	3
render	3
research	3
resisted	3
responsible	3
return	3
retweet	3
reveals	3
reviewed	3
rg	3
river	3
rock	3
role	3
romance	3
round	3
safe	3
saint	3
sam	3
scammers	3
sd	3
searching	3
sen	3
sense	3
series	3
serious	3
seven	3
shalom	3
shirts	3
shocking	3
shoot	3
short	3
showing	3
sibling	3
singers	3
six	3
skills	3
smarter	3
snacks	3
snorkeling	3
soap	3
socialmedia	3
software	3
solidarity	3
song	3
soros	3
soul	3
sounds	3
source	3
sources	3
southern	3
sow	3
speed	3
sponsor	3
spot	3
spread	3
square	3
standards	3
startrek	3
stealing	3
steel	3
stolen	3
stray	3
strike	3
striking	3
strong	3
studio	3
succeed	3
sunny	3
surprised	3
suspects	3
tactic	3
tags	3
talented	3
tax	3
teach	3
teen	3
telling	3
ten	3
testimony	3
theatre	3
thestory	3
though	3
thoughts	3
thousands	3
thread	3
threw	3
thunderstorms	3
thursday	3
till	3
toda	3
toward	3
track	3
trailer	3
tree	3
tried	3
troll	3
trust	3
trusting	3
ts50	3
tweets	3
ulit	3
urgentpets	3
usa	3
vaccinate	3
venue	3
vigan	3
vinyl	3
virginia	3
visitkoreaif	3
vocals	3
walkout	3
washington	3
wasnt	3
wayne	3
webinar	3
weird	3
whether	3
wife	3
williams	3
wind	3
winery	3
winter	3
wiped	3
works	3
wrote	3
wtf	3
xl	3
yoga	3
youth	3
12hr	2
12pm	2
1500	2
15th	2
16th	2
1787	2
19th	2
1p	2
2010	2
2014	2
21	2
21st	2
22	2
248	2
28th	2
2oldfriends	2
300	2
30pm	2
347	2
35	2
36	2
38	2
38th	2
400php	2
452	2
47	2
4p	2
4pc	2
500m	2
505	2
5285	2
539	2
55	2
593	2
70	2
832	2
87m	2
92	2
9pm	2
aaron	2
abc	2
abdomen	2
abiding	2
abstract	2
ac	2
acoustic	2
acre	2
actively	2
actors	2
added	2
admission	2
admitted	2
advance	2
adventure	2
advice	2
advocacy	2
aerial	2
afraid	2
agencies	2
agents	2
aggressive	2
ahc	2
aim	2
airing	2
al	2
alert	2
aligned	2
allegedly	2
allow	2
alot	2
ama	2
amnesty	2
among	2
amreading	2
andrew	2
android	2
animals	2
annnndddd	2
appearance	2
approval	2
apps	2
ar	2
arc	2
arent	2
arkansas	2
artwork	2
asian	2
assessment	2
assume	2
atg	2
atlantic	2
attacked	2
audrey	2
autonomous	2
autos	2
avatar	2
avers	2
award	2
awww	2
ayala	2
backgrounds	2
backs	2
bacterial	2
bair	2
balance	2
bandon	2
barnet	2
basic	2
basically	2
bath	2
bay	2
bayer	2
beard	2
became	2
becaus	2
becky	2
bedroom	2
beers	2
beetlejuice	2
beginning	2
begins	2
believing	2
beloved	2
ben	2
berets	2
biafra	2
bickering	2
billionaire	2
birds	2
bitcoin	2
bjj	2
blake	2
blanket	2
blast	2
blatant	2
blocked	2
blocking	2
blogger	2
bloodlines	2
bloom	2
blowout	2
bmx	2
bng	2
bonus	2
booked	2
bookreview	2
boot	2
bored	2
born	2
boss	2
boston	2
bought	2
bout	2
boycottacehardware	2
brazilian	2
breaks	2
breath	2
breeze	2
brevis	2
briscoe	2
broadcasts	2
broadens	2
broadway	2
brooke	2
brunch	2
bs	2
btc	2
bug	2
build	2
bunch	2
bundle	2
buried	2
burn	2
businesses	2
bvsd	2
cablelabels	2
cabling	2
cagayan	2
calle	2
cameras	2
campus	2
canadas	2
cancer	2
candi	2
candidate	2
candidates	2
cap	2
capitol	2
caption	2
careful	2
carlsbad	2
carol	2
carolina	2
cases	2
cast	2
cat4	2
cat5	2
cat6	2
cat7	2
cat8	2
ceding	2
celebration	2
ceremony	2
champions	2
changes	2
changing	2
chansung	2
chaos	2
chapter	2
charge	2
charles	2
charman	2
chihuahua	2
chip	2
chloee	2
choirs	2
chok	2
christian	2
chvez	2
cider	2
cinco	2
cinemas	2
cityskybirdmedia	2
clapton	2
clark	2
classic	2
clay	2
clear	2
clearly	2
clergy	2
clock	2
closed	2
closet	2
cloud	2
cnn	2
coined	2
cold	2
collect	2
coloradans	2
comingup	2
commands	2
commission	2
commonwealth	2
compared	2
competition	2
complainingthat	2
complement	2
compliment	2
conclusion	2
condo	2
confidence	2
confiscation	2
confused	2
congrats	2
connected	2
conservatives	2
construction	2
consumer	2
context	2
continues	2
convention	2
conversations	2
cooper	2
corrupt	2
cost	2
costs	2
costume	2
council	2
cover	2
coverage	2
crabtree	2
crackdown	2
crawl	2
creating	2
creative	2
creek	2
creepy	2
criminals	2
cruz	2
cryptocurrency	2
cs	2
csar	2
cub	2
curious	2
current	2
cuter	2
cuz	2
dan	2
dancers	2
dancing	2
dangerous	2
daniels	2
darling	2
darn	2
database	2
databreach	2
dealing	2
deals	2
deans	2
decisions	2
deep	2
defending	2
defense	2
demo	2
democratic	2
dems	2
denmark	2
depends	2
describes	2
destiny	2
detectives	2
develop	2
development	2
dgaf	2
didnt	2
differently	2
difficult	2
difinity	2
dig	2
dignity	2
diploma	2
direct	2
director	2
disciple	2
disclosures	2
discovered	2
discuss	2
disease	2
disneys	2
dive	2
dizzying	2
dj	2
dogmeat	2
dollars	2
doubled	2
dragged	2
drama	2
dresses	2
drunk	2
du	2
dumping	2
dunolly	2
dupree	2
dystopian	2
earlier	2
earned	2
earning	2
easily	2
edition	2
effect	2
el	2
elements	2
eleven	2
elnella	2
elsewhere	2
elton	2
emerges	2
emma	2
emoji	2
empire	2
encourage	2
encouraging	2
ended	2
endorse	2
ends	2
enemies	2
energy	2
engineering	2
engineers	2
england	2
entitled	2
entry	2
environmental	2
epi	2
ese	2
especially	2
establishment	2
esteemed	2
evenings	2
evga	2
evil	2
exercise	2
exhibit	2
exhibition	2
exhibitor	2
expect	2
experiences	2
exploited	2
explosive	2
extremely	2
fabulous	2
facebo	2
facebookdatabreach	2
factory	2
failure	2
faking	2
fall	2
false	2
famous	2
farenthold	2
farmers	2
farming	2
favor	2
feeds	2
feet	2
felt	2
feminine	2
fest	2
field	2
fifty	2
fiji	2
finance	2
finding	2
firearm	2
fired	2
flag	2
flight	2
flooding	2
flow	2
focused	2
followed	2
followers	2
foods	2
foolish	2
foreign	2
forgy	2
formula	2
founders	2
fox	2
foxnews	2
france	2
freak	2
french	2
fridays	2
fro	2
fuel	2
fulfilling	2
funny	2
gallons	2
gang	2
gao	2
gaslighting	2
gdiaries	2
ged	2
generation	2
genius	2
germany	2
gimpo	2
glory	2
gop	2
gorgeous	2
gotten	2
gov	2
grace	2
graft	2
grandma	2
graphic	2
gras	2
gratitude	2
grey	2
greyhound	2
guest	2
gunmen	2
hacker	2
hahahahaha	2
halloween	2
hallway	2
hand	2
handle	2
handmade	2
hang	2
happiness	2
harder	2
harford	2
harry	2
hawaiians	2
hazara	2
hazaralivesmatter	2
heartofadoggo	2
hearts	2
heavy	2
heck	2
helped	2
heroes	2
higher	2
highlights	2
hijacked	2
hilarious	2
hillcrest	2
hip	2
hiring	2
hits	2
hobo	2
hogg	2
holes	2
homeland	2
hometown	2
homework	2
honour	2
horrible	2
houses	2
housing	2
ht	2
htt	2
humane	2
hunter	2
hwy11	2
hyped	2
ice	2
iceland	2
icymi	2
idea	2
idealistic	2
idiot	2
idk	2
ii	2
illegal	2
illegals	2
image	2
images	2
imminent	2
imran	2
inbox	2
incite	2
includes	2
increased	2
incredibly	2
industry	2
influencers	2
infosec	2
injuries	2
inn	2
inquiries	2
insightful	2
insist	2
inspirational	2
installed	2
insult	2
intelligence	2
interests	2
introduce	2
invested	2
invite	2
inviting	2
involved	2
iphone	2
ira	2
irene	2
irish	2
island	2
issued	2
issues	2
item	2
items	2
jackie	2
jacksonville	2
jail	2
jake	2
jamiedornan	2
jana	2
japan	2
jared	2
jay	2
jeff	2
jennifer	2
joining	2
jon	2
joojinmo	2
jordan	2
jorgen	2
jorgensen	2
jose	2
joseph	2
jr	2
july	2
jury	2
kai	2
kamala	2
kara	2
karen	2
katie	2
kdp	2
kenya	2
kerridges	2
kevin	2
khan	2
kickboxing	2
kills	2
kimjoohyun	2
kimmel	2
kindness	2
kirchmeier	2
ko	2
koh	2
kristen	2
kuboh	2
kyle	2
labeled	2
labour	2
lad	2
lafayette	2
landed	2
lang	2
las	2
launching	2
lcs	2
le	2
lead	2
leftist	2
legacy	2
legendary	2
legislation	2
legit	2
lett	2
letting	2
levin	2
liam	2
lieser	2
lift	2
lightning	2
likely	2
limits	2
lines	2
linked	2
lipsense	2
listing	2
located	2
location	2
locked	2
logo	2
looked	2
loop	2
louie	2
lourdes	2
loves	2
ltc	2
lunch	2
mail	2
main	2
mainor	2
majority	2
maker	2
mali	2
mall	2
malloy	2
mama	2
mana	2
managers	2
marine	2
marked	2
marketers	2
martialarts	2
mass	2
massive	2
match	2
material	2
max	2
maximum	2
mccarthy	2
mcdonald	2
md	2
meawhile	2
meme	2
memes	2
mentor	2
mergerfromhell	2
merlin	2
messed	2
metoo	2
mexican	2
mfs	2
michigan	2
midnight	2
militarization	2
mineral	2
minute	2
mits	2
mixtape	2
mma	2
mobile	2
models	2
moderate	2
momma	2
monsanto	2
mood	2
moonshine	2
morris	2
mosaic	2
mount	2
mountia	2
movement	2
moves	2
msnbc	2
muaythai	2
mums	2
murder	2
murtaja	2
muscle	2
mvasterix	2
myspace	2
n10	2
n1780	2
n2	2
n2012	2
nabi	2
nairobi	2
nare	2
natin	2
nations	2
nature	2
nazar	2
nbc	2
nbecause	2
nc	2
ncheck	2
ncr	2
nct	2
ndirected	2
ndon	2
ndougla	2
ne	2
necessary	2
nefarious	2
nei	2
nelson	2
net	2
netflix	2
networkmarketing	2
neveragain	2
nfind	2
nfollow	2
nfor	2
nfound	2
nfugitive	2
nh	2
nhappy	2
nhave	2
nhip	2
nhow	2
nickiminaj	2
nif	2
nightmare	2
ninstead	2
nknow	2
nlearn	2
nlike	2
nlong	2
nlord	2
nlots	2
nlove	2
nmake	2
nnow	2
nopen	2
novar	2
np	2
npasco	2
npictured	2
nplayful	2
npledgefosterrescuead	2
npresident	2
nprotest	2
nra	2
nremember	2
nsaturday	2
nthey	2
ntia	2
ntoday	2
ntownhall	2
ntranslation	2
ntwitter	2
ntwo	2
nvisit	2
nwork	2
ny	2
nyca	2
obamas	2
occupied	2
oculus	2
offering	2
officer	2
ohio	2
oil	2
op	2
opens	2
opera	2
opportunities	2
opportunity	2
orders	2
orleans	2
oro	2
oseh	2
ottawa	2
outdated	2
outer	2
pack	2
pag	2
paint	2
painters	2
pair	2
pairc	2
pakistan	2
parade	2
parent	2
parkville	2
parscales	2
patients	2
peek	2
penn	2
penniless	2
perform	2
performances	2
perhaps	2
period	2
perry	2
persons	2
philly	2
photographers	2
phrase	2
physical	2
physicals	2
pick	2
pickup	2
pie	2
pink	2
pinterest	2
pioneer	2
pipcorn	2
piper	2
pl	2
planning	2
planter	2
player	2
pled	2
pledg	2
plot	2
pluck	2
podcast	2
poems	2
point	2
points	2
policecat	2
policy	2
poly	2
pool	2
popcorn	2
popular	2
por	2
portrait	2
position	2
possibly	2
potus	2
ppc	2
ppl	2
practicing	2
praise	2
pratt	2
prayer	2
pre	2
prems	2
present	2
presidency	2
presidential	2
pressure	2
pretend	2
prevent	2
preventing	2
prio	2
priority	2
prison	2
privately	2
pro	2
problems	2
process	2
produce	2
producer	2
professional	2
professionals	2
professor	2
profiles	2
profit	2
prominent	2
promises	2
promo	2
promoting	2
properly	2
proposed	2
protestors	2
prove	2
pti	2
pull	2
pulling	2
pulse	2
punishable	2
pupper	2
queen	2
quest	2
quit	2
rachel	2
racist	2
radios	2
rae	2
raffle	2
raise	2
raised	2
ramp	2
ranch	2
random	2
range	2
rapids	2
rapper	2
rather	2
raw	2
raxevsky	2
rcf	2
rd	2
reach	2
realizes	2
reawakening	2
reception	2
recipients	2
recognizing	2
recount	2
redshift	2
refer	2
refused	2
registered	2
regularly	2
rehabilitation	2
rehearsed	2
rejection	2
religious	2
remains	2
removed	2
reparations	2
replace	2
replacement	2
replay	2
reported	2
reporter	2
reporting	2
reports	2
representative	2
represents	2
republic	2
repulsive	2
requirements	2
rescues	2
resigning	2
resort	2
respect	2
respon	2
rest	2
restful	2
results	2
ret	2
retaliation	2
revolution	2
richard	2
rid	2
roads	2
robbed	2
robbery	2
robotic	2
rodriguez	2
romney	2
ron	2
rookie	2
roseanne	2
route	2
royal	2
rpg	2
rugby	2
rychers	2
saddened	2
saints	2
samui	2
santa	2
sayin	2
scale	2
scans	2
schedule	2
schools	2
scramble	2
scrambling	2
scrapin	2
scraping	2
screen	2
screening	2
scribe	2
scrutiny	2
searches	2
seasons	2
secaucus	2
securitygun	2
sees	2
seized	2
selection	2
selfies	2
semester	2
senate	2
seoul	2
september	2
seriously	2
served	2
services	2
sessions	2
setpiece	2
sets	2
settlement	2
severe	2
shabbat	2
shall	2
shares	2
sheleg	2
sheriff	2
shine	2
shirt	2
shooting	2
shoplocal	2
shore	2
showcase	2
showers	2
shown	2
shrimp	2
shut	2
shuts	2
shy	2
silicon	2
silly	2
silver	2
simply	2
singing	2
sip	2
siri	2
sissies	2
situation	2
size	2
skemo	2
skip	2
slay	2
sleep	2
sleeping	2
slightest	2
slightly	2
slippery	2
smtown	2
snipers	2
snow	2
soccer	2
soft	2
soule	2
souls	2
soundcheckin	2
southeast	2
southwest	2
speak	2
specific	2
speedy	2
spicy	2
spin	2
spontaneous	2
spooky	2
spotlight	2
spotted	2
spreaker	2
spy	2
sr	2
srhr	2
srslythemovie	2
stage	2
stands	2
stark	2
starts	2
steak	2
steps	2
stoked	2
stopped	2
stormy	2
storytelling	2
stricter	2
strip	2
stroke	2
struggling	2
studios	2
studying	2
stunning	2
stupidity	2
suddenly	2
suicide	2
sum	2
summaries	2
superintendent	2
supports	2
supposed	2
surveil	2
survivors	2
swam	2
sweetheart	2
sweetie	2
symphony	2
syria	2
taeyong	2
takedown	2
taken	2
tal	2
tall	2
tassilis	2
taxpayers	2
te	2
teaching	2
teddy	2
teeth	2
telegraph	2
tennis	2
testify	2
texts	2
tgif	2
theyll	2
thickens	2
thieves	2
thorough	2
thousand	2
thr	2
throne	2
throw	2
thumbs	2
thus	2
tide	2
tie	2
tiered	2
tiger	2
tightening	2
tightens	2
tires	2
titled	2
tix	2
tom	2
tornado	2
touch	2
toughastexas	2
tours	2
townhalls	2
tr	2
trade	2
transcript	2
transformation	2
transparency	2
transportation	2
trash	2
travel	2
trees	2
trek	2
trick	2
tricks	2
triggered	2
trip	2
trouble	2
trout	2
troy	2
trudeau	2
trueanthem	2
trumpcaravan	2
trusted	2
truth	2
tshirt	2
tuckahoe	2
tumblr	2
tuned	2
turns	2
tv44	2
tyres	2
uk	2
underground	2
undermined	2
understand	2
understatement	2
undocumented	2
unicorn	2
unidentified	2
unintentional	2
upcoming	2
uplifted	2
upper	2
upstairs	2
usthe	2
ut	2
utility	2
vaccinating	2
vaccine	2
valentin	2
valid	2
value	2
vancouver	2
vanilla	2
vegas	2
verify	2
vibes	2
villa	2
violate	2
violation	2
virtual	2
visiting	2
visitkoreafor	2
voet	2
volume	2
volunteer	2
volunteers	2
voted	2
vox	2
walking	2
wall	2
war	2
warehouse	2
warm	2
warming	2
warnings	2
warrior	2
wars	2
watches	2
waters	2
weah	2
weapon	2
wearing	2
weekly	2
welcomes	2
welcoming	2
whew	2
whitewater	2
whoever	2
wholesale	2
wi	2
wikipedia	2
wildlands	2
window	2
wireless	2
wise	2
witness	2
wives	2
woah	2
woke	2
womens	2
wondering	2
wonderlandfamilyvacations	2
woods	2
worlds	2
wouldnt	2
writer	2
written	2
wyden	2
xs	2
yall	2
yea	2
yesss	2
youd	2
youtubetopics	2
yoy	2
zephyrhills	2
zip	2
00004	1
001	1
002	1
00am	1
052	1
075	1
0750	1
0800	1
081211635203	1
09	1
1007	1
1009	1
102k	1
1042	1
10yo	1
11th	1
120	1
1204	1
1205	1
12news	1
12th	1
134	1
135	1
142	1
15000days	1
151	1
1523	1
15yrs	1
16	1
1679	1
17130	1
17th	1
180404	1
180405	1
1844	1
18589	1
1867	1
1924	1
1962	1
1968	1
1993	1
1995	1
1b	1
2000	1
2001	1
2003	1
2004	1
2010s	1
2013	1
2015	1
2017th	1
2019	1
20ft	1
20pm	1
20th	1
21234	1
2208	1
22nd	1
23418	1
235k	1
237	1
23910	1
24106	1
24150	1
2459	1
2499	1
25th	1
2621	1
2677	1
270	1
28	1
294	1
2pm	1
2xl	1
2yr	1
31st	1
335	1
33m	1
35pm	1
363	1
381	1
39	1
3a	1
3d	1
3months	1
40	1
400	1
4027	1
404	1
408	1
415	1
42nd	1
43	1
4400	1
45	1
45pm	1
45th	1
462	1
47am	1
48	1
480php	1
4828	1
48341	1
49	1
4k	1
4on1	1
4peat	1
4pm	1
4sale	1
4th	1
4trillion	1
50th	1
5280	1
530pm	1
569k	1
59	1
5ac7cd1304d30115085efb1d	1
600	1
607	1
61	1
615	1
621	1
622	1
62b	1
69	1
6am	1
6mo	1
706	1
70th	1
730	1
7615	1
77	1
7am	1
7m	1
80s	1
812	1
818	1
8216	1
8217	1
830	1
84	1
858	1
868	1
87111	1
872	1
8736	1
888	1
8pool	1
90	1
906	1
909	1
9112	1
91208	1
941	1
967calleamable	1
99cents	1
99million	1
9am	1
a38181123	1
a38234291	1
aa	1
aap	1
ab134	1
ab617	1
aba	1
abandon	1
abaya	1
ableg	1
abnousi	1
abo	1
aboriginal	1
abortion	1
abq	1
absolute	1
abstractpainting	1
absurd	1
abuela	1
abused	1
academic	1
academy	1
acceptance	1
accepted	1
accessibility	1
accessible	1
accessorized	1
accident	1
accidental	1
acco	1
accomplish	1
accomplished	1
according	1
accounting	1
accurate	1
accurately	1
ace	1
achieve	1
achievements	1
acquire	1
acrimony	1
acting	1
actioncomics	1
actions	1
activists	1
actor	1
actress	1
acts	1
actu	1
actual	1
adam	1
addicts	1
adding	1
additional	1
addo	1
adequately	1
administer	1
admissions	1
adultcoloring	1
adulterers	1
adults	1
adv	1
advancements	1
adventures	1
adventuresbydisney	1
advertise	1
advertisement	1
advertisements	1
advised	1
advocate	1
af	1
affects	1
affiliate	1
affiliation	1
afford	1
affordablehousing	1
affreshcrowd	1
africa	1
african	1
africanartist	1
africanplanet	1
africatotheworld	1
aft	1
afterward	1
ag	1
aged	1
agency	1
agenda	1
aggregate	1
agra	1
agreed	1
agreement	1
ah	1
ahh	1
ai	1
aidan	1
aided	1
aihe	1
aint	1
air	1
aircon2018	1
airsoft	1
ajnewsgrid	1
ak	1
akira	1
akolo	1
akufo	1
akufoaddo	1
alab	1
alaskanmalamute	1
alberta	1
aldubtunaynal	1
aldubtunaynaligaya	1
alex	1
alforo	1
algorithms	1
ali	1
aliens	1
alike	1
allegiance	1
allen	1
allergies	1
allies	1
alliesealeymusic	1
alliwant	1
alll	1
allman	1
allowed	1
allowing	1
allows	1
allstar	1
ally	1
aloha	1
alpha	1
alt	1
alter	1
alternativeart	1
alumni	1
alumns	1
alx	1
amable	1
amazingness	1
ambassadors	1
amc	1
amelia	1
amen	1
amenities	1
amid	1
amidst	1
amigos	1
amore	1
amplify	1
amwriting	1
amylovestrump	1
anacortes	1
anahi	1
analytical	1
analytics	1
analyzer	1
anatole	1
anchor	1
anderson	1
anding	1
angel	1
angelenos	1
angeless	1
angels	1
angry	1
ankitaa	1
ann	1
annnnd	1
announcement	1
announcements	1
annoyed	1
annoying	1
annually	1
anot	1
anxieties	1
anxiety	1
anyways	1
aof	1
aol	1
ap	1
aperfectdayfor	1
apis	1
apologized	1
apostle	1
appeal	1
appear	1
appeared	1
appearing	1
appl	1
apple	1
appliances	1
application	1
appointment	1
appreciate	1
appreciated	1
appreciation	1
appreciative	1
approximately	1
apr	1
apriloutpouringnight2018	1
ar15	1
arena	1
arenathecontest	1
arf	1
argentinagp	1
aries	1
arising	1
arizona	1
armani	1
armenia	1
armenian	1
armys	1
arpa	1
arrangements	1
arrivals	1
arrived	1
artery	1
artfest	1
artic	1
artistic	1
asleep	1
aspirating	1
assad	1
assange	1
assassin	1
assassinscreedorigins	1
assembly	1
assist	1
astroturf	1
athlete	1
athletes	1
athletics	1
atire	1
atkinson	1
att	1
attain	1
attemp	1
attempt	1
attend	1
attendance	1
attendant	1
attenti	1
attn	1
attract	1
attracting	1
attractions	1
attributes	1
au	1
auckland	1
audition	1
auger	1
augers	1
august	1
augusta	1
aulridge	1
aunt	1
austen	1
austerity	1
austinfit	1
austintx	1
australia	1
auth	1
authentic	1
authorities	1
authority	1
authorized	1
authors	1
autism	1
autode	1
autographed	1
automatics	1
ava	1
avalanche	1
avenue	1
avoid	1
awaited	1
awards	1
awhile	1
axes	1
aye	1
az08	1
azabi	1
azores	1
ba	1
babez	1
babicz	1
babies	1
babycostumes	1
background	1
backpack	1
backstabber	1
bacon	1
badhairday	1
bae	1
baganiubusan	1
ballpark	1
baltimore	1
banding	1
bangkok	1
banking	1
banks	1
banksters	1
banquet	1
barack	1
barba	1
barbara	1
barbarity	1
barbaro	1
bare	1
barigye	1
barmaid	1
barn	1
baron	1
bars	1
barstarzz	1
baseball	1
bashing	1
basil	1
bask	1
basket	1
basse	1
bastrop	1
bathroom	1
bathtubs	1
batman	1
battery	1
battle	1
battlestar	1
battlestargalactica	1
bbq	1
bea	1
bear	1
beasts	1
beat	1
beatport	1
beats	1
beau	1
beauty	1
beavis	1
becauseweareonthesameside	1
becker	1
bed	1
bee	1
beenlvingmylife	1
beermen	1
beersauce	1
began	1
begging	1
behaved	1
behaviour	1
behindnow	1
bei	1
belgium	1
belief	1
belle	1
benchmade	1
bendoregon	1
benefiting	1
bengaluru	1
benjamin	1
benny	1
bernardo	1
bernie	1
bes	1
besides	1
bestseller	1
bet	1
beta	1
beth	1
bethel	1
bettye	1
beverly	1
beware	1
bewill	1
beyond	1
bgc	1
bible	1
bicycles	1
bid	1
biggestnightintheatre	1
bikerack	1
bil	1
billed	1
billions	1
bins	1
biochemistry	1
birfday	1
birmingham	1
birth	1
birthdaycabaret	1
bishop	1
bistro	1
bite	1
bizarre	1
biztips	1
blackexcellence	1
blackpanther	1
blacksmithing	1
blacktop	1
blames	1
blanc	1
blanche	1
blayne	1
bleechbit	1
blenddd	1
bleneheim	1
blessed	1
blessings	1
blind	1
blinding	1
bling	1
blm	1
bloggers	1
blood	1
bloody	1
bloomberg	1
blu	1
blumberg	1
blvd	1
bo	1
boardgame	1
boarding	1
boardkings	1
bobbyseale	1
bobcat	1
bobstrumptrain	1
bode	1
bodmer	1
bogarty	1
bogie	1
bohochic	1
boi	1
bold	1
bollywood	1
bond	1
boogiedown	1
bookevent	1
boomers	1
boomson	1
boosting	1
booty	1
bot	1
botanika	1
bottle	1
bottled	1
bottling	1
bottom	1
boudoir	1
bouncy	1
bourne	1
bowie	1
bowl	1
boxed	1
boxset	1
boycotting	1
boyfriend	1
boyhoping	1
boys	1
bra	1
bracelets	1
braces	1
brad	1
braggg	1
bragging	1
braid	1
braiding	1
brain	1
bramhall	1
brandon	1
branson	1
brave	1
brazilians	1
breaches	1
bread	1
breastmilk	1
breathwork	1
breweries	1
bridgend	1
bright	1
brilliance	1
brilliant	1
bringing	1
broad	1
broaster	1
brochure	1
brooklyn	1
brosna	1
broughal	1
brownfieldbyrnehotsix	1
browser	1
brunchmenu	1
brushes	1
brutally	1
bryant	1
bsing	1
btob	1
bts	1
bubble	1
bubu	1
budak	1
budapest	1
buddies	1
budget	1
buenas	1
buffalo	1
bugging	1
bugs	1
buildthewall	1
buildthewallnow	1
bull	1
bullies	1
bullock	1
bullring	1
bulls	1
bullshit	1
bullying	1
bun	1
bundles	1
burger	1
burley	1
burnam	1
burned	1
burns	1
bury	1
bus	1
bush	1
butt	1
buttons	1
buyers	1
buying	1
buzzfeed	1
cabal	1
cable	1
cafecleo	1
cake	1
cal	1
caledonian	1
cali	1
calif	1
calisthenics	1
callback	1
callison	1
calories	1
cambodia	1
cambro	1
camcarrier	1
campnanowrimo	1
camps	1
canada	1
cancelfacebook	1
cancellations	1
cancels	1
cancun	1
candy	1
candyeyed	1
canopy	1
canpoli	1
cantina	1
canvass	1
canyon	1
capacity	1
cape	1
capsa	1
captain	1
captures	1
caracha	1
cardi	1
cardiologist	1
careers	1
carefully	1
caregivers	1
caremount	1
carl	1
carnegie	1
carnival	1
carolinesprings	1
carrie	1
cars	1
carter	1
cartman	1
carvings	1
casa	1
cassette	1
cassidy	1
catamaran	1
catbuddy	1
categories	1
catfish	1
cathedral	1
catholic	1
catnip	1
catsofboston	1
catspotting	1
caucus	1
caused	1
causes	1
cavender	1
cbs	1
ccot	1
ccw	1
cecil	1
ceilidh	1
ceilings	1
celeb	1
celebrated	1
celebrity	1
celia	1
celina	1
cell	1
cellars	1
celtic	1
celtics	1
cemetery	1
censor	1
centers	1
century	1
certainly	1
certificates	1
cfpi	1
cfs	1
chad	1
chahal	1
chai	1
chainz	1
chair	1
chairman	1
chairs	1
chalkboard	1
challenger	1
chamber	1
championship	1
championships	1
chan	1
chancellor	1
chandler	1
changm	1
changsha	1
channelled	1
characters	1
charity	1
charlotte	1
chase	1
chat	1
chayer	1
cheating	1
checklist	1
cheddar	1
cheering	1
cheese	1
chef	1
chefs	1
chelkere	1
chemo	1
cherry	1
chicagos	1
chickens	1
chicopee	1
chiefly	1
childbirth	1
childhood	1
chili	1
chill	1
chipped	1
chit	1
choctawcasinos	1
choice	1
choices	1
chokeonthattheseries	1
chonda	1
chooses	1
choosing	1
chores	1
chorizo	1
chose	1
chosen	1
christmas	1
christophe	1
chrome	1
churchill	1
ciders	1
cigarettes	1
cin	1
cincinnati	1
cinema	1
cinemex	1
cinna	1
cinnamon	1
circle	1
circulating	1
cities	1
civic	1
civil	1
ck	1
cl	1
claa	1
claimed	1
claims	1
clair	1
clamp	1
clampdown	1
clare	1
clarifying	1
clarkcounty	1
clarkmuseum50	1
classroom	1
classy	1
claynecrawford	1
clc	1
clean	1
cleansing	1
clenched	1
clerk	1
cleveland	1
client	1
cliff	1
climatechange	1
clinic	1
clinicaltrials	1
clip	1
clogging	1
clothes	1
clubs	1
cluster	1
clyde	1
cnbc	1
coaching	1
coast	1
coat	1
coated	1
cocktails	1
coco	1
coconuts	1
code	1
coffe	1
coiffure	1
coindesk	1
coleman	1
coliemore	1
collabo	1
collaborative	1
collage	1
colleagues	1
collected	1
collins	1
colmans	1
cologne	1
colophon	1
coloringbooks	1
colors	1
colts	1
columbia	1
columbus	1
combines	1
combining	1
comeback	1
comes	1
comfortable	1
comic	1
comically	1
comics	1
commitment	1
commits	1
common	1
commotion	1
communicating	1
communication	1
communications	1
companion	1
comparing	1
competitors	1
complete	1
complex	1
compliance	1
compliant	1
comply	1
composition	1
compositions	1
compromising	1
comwhatupsv	1
concentrations	1
concern	1
concerns	1
condemnation	1
condominiums	1
conducted	1
confrontations	1
confronting	1
congolese	1
conhill	1
connect	1
connecticut	1
connections	1
connectivity	1
connick	1
conquer	1
conqueror	1
conse	1
conservation	1
consider	1
consumes	1
consuming	1
cont	1
contagious	1
contain	1
conteira	1
contestalert	1
continental	1
continued	1
continuing	1
contracts	1
controlled	1
controls	1
controversial	1
controversy	1
converge	1
conversing	1
conviction	1
convince	1
convinced	1
convo	1
cookin	1
cooking	1
cooling	1
copped	1
copsouttacampus	1
copy	1
cordially	1
cork	1
cornell	1
corp	1
correcting	1
corruption	1
cosgriff	1
cosmos	1
cosplay	1
cossack	1
costello	1
costumes	1
cotie	1
cotton	1
couldnt	1
count	1
countdown	1
counties	1
countless	1
countryradio	1
countrys	1
couponing	1
court	1
cousin	1
covenant	1
coventry	1
covered	1
covers	1
covington	1
cows	1
cp	1
cracking	1
cracks	1
craft	1
craig	1
crane	1
crankiness	1
crap	1
crater	1
craze	1
creamation	1
creapie	1
create	1
creates	1
creation	1
creator	1
creatures	1
crediti	1
cree	1
creed	1
creeper	1
creepiest	1
crescent	1
crews	1
crib	1
cried	1
crime	1
crimes	1
cringe	1
cringeworthy	1
crisis	1
crisologo	1
critical	1
critically	1
criticism	1
criticizing	1
croc	1
croissants	1
crossroads	1
crowd	1
crowds	1
cruise	1
crunch	1
crushin	1
cry	1
crypto	1
cryptocrash	1
cryptotrading	1
cst	1
ct	1
cubbyhole	1
cubs	1
cuckservatives	1
cuddled	1
cufi	1
cups	1
cupsaw	1
curated	1
curb	1
curbside	1
cure	1
currentsituation	1
curse	1
curve	1
cus	1
customers	1
customerservice	1
cut	1
cuteeli	1
cuteness	1
cutie	1
cutler	1
cuts	1
cuttery	1
cutting	1
cwhhs2018	1
cyber	1
cybersecurity	1
cynthia	1
czar	1
d7	1
dad	1
daddy	1
dads	1
dairy	1
dakota	1
dakotajo	1
dakotajohnson	1
dalit	1
daliyah	1
dam	1
damages	1
damaging	1
damntheman	1
dancelikenooneiswatching	1
dancer	1
dancingroundthehandbags	1
daniel	1
danny	1
darbie	1
dare	1
dared	1
darp	1
dass	1
dataminingcompany	1
dates	1
dave	1
davidson	1
davidstine	1
davidstinefurniture	1
davidstinewoodworking	1
db	1
dccomics	1
deadly	1
deafening	1
dean	1
deathrow	1
debate	1
debbie	1
deborah	1
decade	1
decades	1
decide	1
decided	1
decisive	1
decor	1
decorated	1
decorating	1
dedication	1
defend	1
define	1
defines	1
definition	1
dekha	1
delay	1
delayed	1
deletemessenger	1
delighted	1
delightful	1
deliver	1
deliveries	1
dem	1
demands	1
demonstrating	1
demonstrations	1
dempster	1
denied	1
denigrating	1
dennis	1
dental	1
department	1
depeche	1
deposed	1
derby	1
describing	1
desires	1
desmond	1
desperate	1
dessert	1
desserts	1
destination	1
destined	1
determine	1
detour	1
developed	1
device	1
devine	1
devotes	1
di	1
diane	1
diaspora	1
diciamo	1
dickitis	1
dicks	1
dickson	1
dictate	1
diego	1
dies	1
diesel	1
diet	1
dietitian	1
difficulties	1
digestif	1
digestive	1
diggity	1
digital	1
diligently	1
dill	1
dimention	1
dina	1
dining	1
diodes	1
dir	1
directly	1
dirt	1
dirtydancing	1
dis	1
disable	1
disabled	1
disagree	1
disappeared	1
disaster	1
disc	1
disclai	1
disclose	1
disclosing	1
disco	1
discounted	1
discounts	1
discover	1
discusses	1
discussing	1
diseases	1
disinfectant	1
disinfo	1
disney	1
displaced	1
display	1
disposable	1
disqus	1
disr	1
disseminate	1
ditch	1
diva	1
divas	1
diverse	1
divested	1
divi	1
diving	1
divorced	1
dixie	1
diximisfits	1
dizzy	1
djing	1
djlife	1
dna	1
docs	1
doctors	1
documents	1
dodging	1
doggie	1
dogmeattrade	1
dogtown	1
doingall	1
dolans	1
dolores	1
domestic	1
donating	1
donations	1
donovan	1
donte	1
dontforget	1
donut	1
donuts	1
dope	1
dopest	1
doublestandard	1
doubts	1
douglas	1
douglass	1
doulas	1
downfall	1
download	1
downloadable	1
downtownstuart	1
downturn	1
draft	1
dragons	1
drained	1
draintheswamp	1
draught	1
draw	1
drawings	1
drawn	1
dread	1
dreamer	1
dreamvacations	1
drescher	1
dress	1
drew	1
drill	1
driven	1
driver	1
drone	1
drones	1
dropped	1
dropping	1
drum	1
drunken	1
dryer	1
dts	1
duagh	1
dubai	1
dubi	1
dublin	1
dud	1
dude	1
dudes	1
dumped	1
dumpfacebook	1
duncan	1
dunedin	1
dunkin	1
duper	1
durance	1
durand	1
duron	1
duuuuhhhhh	1
dwarvenmetal	1
dying	1
dylan	1
dynasty	1
dyslexia	1
earrings	1
ears	1
earthfare	1
easier	1
easter	1
eastern	1
eatery	1
eats	1
ebo	1
ebony	1
ecco	1
ecosystem	1
ecstatic	1
eddard	1
eder	1
edgar	1
edgy	1
edifice	1
editor	1
edm	1
effort	1
eggs	1
egleston	1
electrification	1
electro	1
elephants	1
elf	1
elfster	1
elimination	1
elitist	1
elm	1
elsa	1
emanuel	1
emily	1
emitting	1
emmi	1
emotional	1
emotions	1
employment	1
employs	1
empty	1
enacting	1
endeavoured	1
enemy	1
energetic	1
eng	1
engaged	1
english	1
enhancements	1
enjoyable	1
enjoyed	1
enjoyin	1
enjoying	1
enoch	1
ensemble	1
entering	1
enterprise	1
entertaining	1
entrance	1
entrepren	1
entrepreneur	1
entrepreneurs	1
environments	1
enzymes	1
epa	1
epic	1
epicfail	1
epidemic	1
equal	1
equally	1
er	1
era	1
eraser	1
erica	1
ericadurance	1
errol	1
ervin	1
esaudio	1
escaped	1
esp	1
espanol	1
espanto	1
esrmyway	1
establishing	1
estate	1
estoccasions	1
ethical	1
ethniccleansing	1
ethnicity	1
etsy	1
europe	1
evangelists	1
everett	1
everysportskill	1
everytime	1
ewr	1
ex	1
exaggerating	1
except	1
exchange	1
excitement	1
exclude	1
excludes	1
exclusives	1
excuse	1
exec	1
execs	1
exeter	1
exhausted	1
existence	1
exited	1
exotic	1
expand	1
expectation	1
experiencing	1
experiment	1
expert	1
expi	1
expire	1
expired	1
explained	1
explaining	1
explode	1
exploitative	1
exploration	1
exploratory	1
exposed	1
extend	1
extended	1
extensive	1
external	1
externally	1
extreme	1
extremes	1
exuberant	1
eyed	1
eyesl	1
fab	1
fabbioli	1
fabric	1
faceboo	1
facebookdown	1
facebookmarketing	1
faced	1
facing	1
fairfax	1
fairmontwv	1
fairness	1
fairtrade	1
fakenewscnn	1
falla	1
fallacies	1
fallen	1
fallin	1
falling	1
falseflag	1
fame	1
fami	1
familiar	1
families	1
familycourtcorruption	1
familymanclothing	1
fancam	1
fanmeeting	1
fanspage	1
fantastically	1
fantasy	1
farfalle	1
farmer	1
fascism	1
fascist	1
fashioned	1
fat	1
fathers	1
faulk	1
faux	1
favourable	1
favourite	1
faye	1
faythe	1
fccopeningday	1
fe	1
featured	1
federation	1
feels	1
feinberg	1
fell	1
fellowship	1
fergus	1
fertile	1
festiva	1
feud	1
fever	1
fianc	1
fiction	1
fifth	1
fiftyforever	1
fiftyshadesfreed	1
fighter	1
fights	1
filet	1
fill	1
filling	1
filmmaker	1
filter	1
findsget	1
fine	1
finger	1
fingernails	1
finished	1
finn	1
fintech	1
fir	1
firstcaturdayboston	1
fisher	1
fishmonster	1
fishyfishy	1
fists	1
fitnesskickboxing	1
fitts	1
fl	1
fl58	1
flags	1
flannel	1
flaring	1
flash	1
flea	1
flick	1
flicker	1
flickr	1
flip	1
flipthe5th	1
flogged	1
flops	1
florence	1
florencia	1
flowers	1
flowing	1
foiled	1
foir	1
folio	1
follow4follow	1
followme	1
followthemoney	1
fome	1
foodservice	1
fool	1
footing	1
footy	1
forcefully	1
ford	1
forest	1
foreverhome	1
forgive	1
forgot	1
fork	1
foro	1
forrest	1
fortworth	1
forum	1
fostered	1
fota	1
foundational	1
framing	1
francis	1
francisco	1
franco	1
francoconnexion	1
frankfurt	1
frankston	1
fraserkelly	1
fraudbook	1
freakin	1
freaking	1
freddy	1
frederick	1
freebie	1
freedom	1
freelance	1
freezing	1
fresh	1
fricken	1
fried	1
frien	1
friendlier	1
friendly	1
fromis	1
frontline	1
ft	1
fuerza	1
fulldeckent	1
fulsome	1
fundamentals	1
funds	1
funeral	1
funk	1
furries	1
furry	1
fustercluck	1
futuretech	1
fuuck	1
fyah	1
gaeil	1
gaga	1
gal	1
gala	1
galactica	1
gales	1
galileo	1
galveston	1
gambit	1
gaming	1
garbage	1
garcias	1
garden	1
garysinisefoundation	1
gatlin	1
gaudia	1
gays	1
gear	1
gearing	1
gee	1
geldings	1
gem	1
gender	1
general	1
generations	1
georgeweah	1
georgia	1
german	1
gerrold	1
getgood	1
getstrong	1
getstronger	1
ghana	1
ghanaliberia	1
ghanapresident	1
ghost	1
ghosts	1
gi	1
giant	1
gibson	1
gibsoncustom	1
gift	1
gilberts	1
gilleyspocola	1
gillian	1
gina	1
girdley	1
girlheartbroken	1
girlneeds	1
girlpower	1
girlsdowntownboutique	1
girly	1
giveaways	1
glamping	1
glasson	1
glastonbury	1
glendale	1
global	1
globalist	1
globally	1
glue	1
glutenfree	1
goat	1
goats	1
gobble	1
godfather	1
goin	1
goldenberg	1
golfers	1
gonzo	1
goo	1
goodbye	1
goodies	1
googleadwords	1
gore	1
gosh	1
governor	1
governors	1
grabs	1
gracewilliams	1
graciousness	1
grade	1
grades	1
gradually	1
graduated	1
graduation	1
graham	1
grandmas	1
grant	1
granular	1
grassroots	1
grateful	1
greatly	1
greatness	1
greenville	1
greeter	1
greeting	1
greetings	1
grew	1
griffin	1
grillehouse	1
grind	1
grinding	1
grip	1
gris	1
groceries	1
grosssales	1
ground	1
groundbreaking	1
grow	1
growing	1
growthatanycost	1
guan	1
guarantee	1
gubernatorial	1
guests	1
gugudan	1
guidance	1
guiding	1
guild	1
guilty	1
guinness	1
guitar	1
guitarist	1
guitarmageddon	1
gulfislands	1
gunsafety	1
gus	1
hablo	1
hack	1
hahahaha	1
hailers	1
hairsyle	1
halibut	1
halifax	1
halka	1
hallmark	1
hallowed	1
halts	1
hamas	1
hammered	1
hampshireconstabulary	1
handbags	1
handed	1
handled	1
handpans	1
hands	1
handstand	1
hanging	1
hansol	1
happier	1
happiest	1
happybirthdaysuperman	1
happydance	1
harapan	1
harassment	1
harbor	1
harding	1
hardworkpaysoff	1
harley	1
harriers	1
harrison	1
harvest	1
harvesting	1
hashbrown	1
hashtag	1
hashtags	1
hatch	1
hated	1
hatin	1
hating	1
hatred	1
hatter	1
hav	1
havelaptopwilltravel	1
hawaii	1
hawaiian	1
hawaiianstyle	1
hawker	1
hawkins	1
hawthorne	1
hayes	1
hazaras	1
hazel	1
hbd	1
hd	1
headed	1
heading	1
headlined	1
healing	1
heartworm	1
heated	1
heaters	1
heather	1
hecho	1
hectic	1
hedden	1
held	1
hellemans	1
helpkoreandogs	1
hemming	1
heneedshisprivacy	1
herald	1
heretheycome	1
hhold	1
hiam	1
hiatus	1
hide	1
highest	1
highlands	1
highlight	1
highlighting	1
highperformance	1
highwayoftears	1
hihi	1
hilary	1
hile	1
hill	1
hillaryannes	1
hillaryclinton	1
hillsong	1
hiphop	1
hippa	1
hire	1
historicdowntown	1
hiv	1
hive	1
hmmmm	1
hmmmmm	1
hmv	1
hoax	1
hoing	1
holdovers	1
holla	1
hollins	1
hollywoodsucks	1
holster	1
holsterbrands	1
holymackerel	1
homecoming	1
homes	1
homestaging	1
homewill	1
honeybees	1
honored	1
honoring	1
hood	1
hookah	1
hoover	1
hoovered	1
hopefully	1
hoplophobia	1
horizon	1
horrific	1
horrorfilms	1
horrorlover	1
horrormovies	1
horrors	1
hospices	1
hospital	1
hotmow	1
hounews	1
hourssssss	1
housework	1
however	1
howling	1
howlite	1
hr	1
hs	1
hsbcmike	1
hu	1
huawei	1
hub	1
huerta	1
hughes	1
humansofbarangay	1
humble	1
humiliation	1
humm	1
hungover	1
hungry	1
hunt	1
huntington	1
hurriedly	1
hurting	1
husband	1
hush	1
husky	1
hustlas	1
hutch	1
hutchinson	1
huynh	1
hybrid	1
hygienist	1
hypnobabies	1
hypnosis	1
hyun	1
iampaparazzi	1
ibadan	1
ibiza	1
icon	1
identified	1
idiots	1
idol	1
ig	1
ignorant	1
ignore	1
ignoring	1
iii	1
ikon	1
illegally	1
illuminati	1
illustra	1
illustration	1
ilocos	1
ilovebeingblack	1
imessage	1
img	1
imho	1
immersed	1
immigrants	1
immortality	1
impeached	1
impeachtrump	1
impersonating	1
implementing	1
impose	1
imposing	1
impossible	1
impre	1
impressed	1
impressive	1
improperly	1
improv	1
improve	1
improved	1
improvement	1
improvements	1
inacio	1
inbend	1
inception	1
incites	1
inciting	1
inclement	1
included	1
income	1
incompetence	1
increases	1
increasing	1
incriminating	1
india	1
indiana	1
indians	1
indicated	1
indications	1
indicator	1
indictments	1
indie	1
indigenous	1
individuals	1
indonesianfashion	1
indoor	1
inefficient	1
inez	1
infact	1
infiltrating	1
infinity	1
infinix	1
influencermarketing	1
influences	1
infographic	1
informatio	1
informed	1
ingraham	1
initiation	1
initiative	1
injured	1
injures	1
inlandvalley	1
inner	1
insane	1
inside	1
insig	1
insight	1
insights	1
insisting	1
installation	1
installs	1
instantly	1
institute	1
instragr	1
instructions	1
instructor	1
insurtechrisinglondon	1
integration	1
intended	1
intention	1
interference	1
interfering	1
interim	1
intermediate	1
internally	1
intersection	1
interventional	1
interviewing	1
intimate	1
intolerant	1
intr	1
intrinsic	1
introduced	1
intruder	1
intuitive	1
invading	1
invasion	1
invasionofprivacy	1
invasive	1
invent	1
inventory	1
inverted	1
invictusgames	1
invited	1
invites	1
invo	1
invoice	1
inward	1
iowa	1
iq	1
ironmantis	1
ironsides	1
irony	1
irritating	1
irspm2018	1
irundrua	1
ishii	1
isitspringyet	1
islington	1
ismail	1
italian	1
itsnotjustlipstick	1
itunes	1
iu	1
ivories	1
iwcc	1
ja	1
jack	1
jacket	1
jacking	1
jackson	1
jahfe	1
jamberoo	1
jamie	1
jams	1
january	1
janyboy	1
jasa	1
jason	1
jealous	1
jeans	1
jeep	1
jeffdavisshow	1
jellurgal	1
jellyb	1
jen	1
jenny	1
jeno	1
jeremy	1
jerk	1
jesse	1
jets	1
jewelry	1
jg	1
jhpa	1
jillian	1
jimlee	1
jimmy	1
johnny	1
joined	1
joint	1
jokes	1
jolis	1
jolla	1
jongsma	1
jontay	1
jonty	1
jonwolfe	1
joong	1
josh	1
joshlia	1
joshua	1
joy	1
jps	1
jt	1
judging	1
juice	1
juices	1
jump	1
jumped	1
junior	1
jupiter	1
justiceforzeena	1
justin	1
justo	1
k9	1
k9pride	1
kag2018	1
kaiulani	1
kalyan	1
kameole	1
kapernick	1
karachi	1
karaoke	1
karenia	1
karl	1
karmapa	1
karnatakaelection	1
karnatakaelections2018	1
katee	1
kathy	1
kaufman	1
kay	1
kaydens	1
kayleigh	1
kazimtercan	1
ke	1
kee	1
keepitmoving	1
keller	1
kem	1
ken	1
kendall	1
kentoh	1
kesha	1
kettlebells	1
kev	1
kevie	1
key	1
kicked	1
kickstarter	1
kid	1
kiddie	1
kieso	1
kihei	1
killer	1
killers	1
kin	1
kincardine	1
kindle	1
kindly	1
kingdom	1
kingdoms	1
kings	1
kingsizebed	1
kionne	1
kirk	1
kirsten	1
kisi	1
kiss	1
kissing	1
kitai	1
kitty	1
knees	1
knock	1
knocks	1
knoxbeer	1
knoxrocks	1
knoxville	1
kodak	1
kokanee	1
kokoda	1
kokodachallenge	1
kokodachallenge2018	1
kombos	1
korea	1
kors	1
krav	1
kreamoftha	1
kroner	1
krop	1
krystle	1
ks	1
ksam	1
ksleg	1
kudos	1
kuka	1
kulture	1
kurribur	1
lab	1
labanon	1
labels	1
labelsj	1
laborde	1
labornotes	1
labors	1
laced	1
lacks	1
ladifferencia	1
lahore	1
lainelle	1
lakehuron	1
lakh	1
lala	1
lambo	1
landings	1
landtrusta	1
langley	1
langston	1
largely	1
larger	1
largest	1
lately	1
latimes	1
laughin	1
laughing	1
laughs	1
laughter	1
laura	1
lauren	1
lavender	1
lavette	1
lawncare	1
lawrence	1
lawsuit	1
lawsuits	1
lawyer	1
lax	1
lay	1
lbj	1
lbs	1
lea	1
leading	1
leak	1
leaked	1
leaking	1
leanin	1
leap	1
learned	1
leaves	1
leavinghometour	1
leeds	1
leejoongi	1
leg	1
legalization	1
legislature	1
legrand	1
legs	1
legwork	1
lending	1
length	1
lengthy	1
leningrad	1
leo	1
lesmiserables	1
lethal	1
lethalweapon	1
letterman	1
levels	1
lewd	1
lewellen	1
lexie	1
lh	1
liability	1
liberals	1
liberiaghana	1
liberiapresident	1
liberty	1
libre	1
libturd	1
lie	1
lifeblood	1
lifetime	1
lifted	1
ligament	1
lights	1
lilly	1
lim	1
lincoln	1
lining	1
linkedin	1
links	1
liquid	1
liquor	1
listed	1
listening	1
listwithzepeur	1
litecoin	1
lived	1
livemusic	1
liver	1
liverpool	1
livers	1
livestream	1
livingit	1
livingtrust	1
llama	1
llanos	1
llp	1
lmaaoooo	1
lmaoo	1
lockjaw	1
lockthemallup	1
log	1
logan	1
logic	1
logon	1
logos	1
lois	1
loislane	1
lomonosov	1
lon	1
longjohnsilvers	1
loonies	1
looooooool	1
lori	1
losangeles	1
loss	1
loudest	1
louisiana	1
lounge	1
loveisrael	1
lovers	1
lovett	1
loveyou	1
loveyourneighborweekend	1
lower	1
lowfodmaps	1
lpc	1
lrc	1
ls2018	1
lsvt	1
lubin	1
lucas	1
luis	1
luiz	1
lularoeirma	1
lularoelindsay	1
lularoelynnae	1
lularoeperfect	1
lularoesarah	1
lunes	1
lungs	1
lurking	1
lutan	1
lutheran	1
lyhbt	1
lyle	1
lymedisease	1
lynn	1
maaaad	1
maana	1
maas	1
machine	1
macklemore	1
madero	1
madeupmind	1
madness	1
maestro	1
maga	1
maga2018	1
magnetic	1
magnificent	1
mahalo	1
maher	1
mahmoud	1
mainemendoza	1
majorstage	1
mak	1
makenoise	1
makingthemagichappen	1
maladies	1
malaysians	1
malcomx	1
malditas	1
male	1
malfunctions	1
mamas	1
manchesterderby	1
mandate	1
manhattan	1
maniacal	1
manieri	1
manifest	1
manifesting	1
manifesto	1
manipulation	1
mannabase	1
manner	1
manufacturers	1
manuhiri	1
manzoorpashteen	1
map	1
marc	1
marcs1	1
mardi	1
mares	1
margaret	1
margarita	1
marijuana	1
mariner	1
marion	1
maritime	1
markle	1
markzuckerburg	1
marquis	1
married	1
marry	1
mart	1
martial	1
martians	1
mask	1
mason	1
massachusetts	1
massage	1
master	1
masterclass	1
masterfully	1
mastermind	1
masterpiece	1
mathematics	1
matricks	1
maui	1
mausoleum	1
maya	1
mazinger	1
mbpoli	1
mc	1
mccall	1
mccarthys	1
mcclelland	1
mcdaniel	1
mcfc	1
mcghees	1
mckin482	1
mcknight	1
mcmurray	1
mcvs	1
mdash	1
mdc	1
meanwhile	1
meatballs	1
mechanic	1
med	1
medicine	1
medina	1
medium	1
meeeerrrmooooo	1
meetings	1
meets	1
megan	1
meghan	1
meir	1
melaninpoppin	1
meli	1
melito	1
melrose	1
melting	1
membe	1
memo	1
memon	1
memoni	1
memorabilia	1
memorex	1
memory	1
mena	1
ment	1
mental	1
mentelle	1
mention	1
mentoring	1
menu	1
menz	1
mepa	1
mercaldi	1
merkel	1
mesa	1
messa	1
messaging	1
met	1
metal	1
metropolitan	1
mews	1
mga	1
mhairi	1
mhairiblack	1
mic	1
middendorf	1
midifitcouple	1
midlands	1
midwives	1
mighty	1
migrati	1
miguel	1
mihi	1
mikey	1
milestone	1
miller	1
millionth	1
milo	1
min	1
minds	1
miniature	1
minipopcorn	1
minnesota	1
minorities	1
minusma	1
miranda	1
mis	1
miserably	1
misha	1
misinterpretation	1
mississ	1
mississippi	1
missouri	1
missy	1
mixed	1
mixer	1
mmmmmmmm	1
moab	1
mobilemarketing	1
mode	1
moderation	1
moderator	1
modify	1
moe	1
mohamed	1
molecular	1
mollie	1
moly	1
momentarily	1
moments	1
momentum	1
mommie	1
monaco	1
monetization	1
monitored	1
monopod	1
monopoly	1
monsterpalooza	1
montalto	1
monthan	1
monza	1
moons	1
moore	1
moot	1
moreno	1
morgan	1
moron	1
mostly	1
moth	1
mothers	1
motion	1
motivate	1
mott	1
mouri	1
mouse	1
move2mazu	1
mow	1
mowjob	1
mp	1
mp3	1
mrtouchup	1
ms	1
msm	1
msn	1
mueller	1
muellers	1
muh	1
multiple	1
murasu	1
murdered	1
murrieta	1
murtland	1
muscular	1
musicfestival	1
musicians	1
mustangs	1
mwanacongo	1
mylymedata2018	1
myriad	1
myrtle	1
myshirtsgo	1
myths	1
mz	1
n1000	1
n12	1
n1200	1
n145	1
n1615	1
n189	1
n1905	1
n28th	1
n3	1
n45	1
n5	1
n6	1
n967	1
nabc	1
nadults	1
nagar	1
naging	1
nah	1
nail	1
nails	1
najee	1
naked	1
nalbum	1
nall	1
nalpabeth	1
nalso	1
namazon	1
named	1
nan	1
nanswer	1
nanti	1
nany	1
napply	1
napril	1
nasa	1
nash	1
nashville	1
naso	1
nasty	1
natanek	1
nathan	1
nathaniel	1
naturals	1
naver	1
navigate	1
nba	1
nbbc	1
nbeing	1
nboeing	1
nbook	1
nboth	1
nbpoli	1
nbs	1
nbuhari	1
nby	1
ncaa	1
ncalled	1
ncan	1
ncarlin	1
ncategory	1
ncbs	1
ncelebrating	1
ncervical	1
ncheers	1
nchild	1
nchildbirth	1
nchildren	1
ncholera	1
nchristopher	1
ncnn	1
ncollin	1
ncomcast	1
ncommunity	1
ncomp	1
nconditions	1
ncongress	1
ncourthouses	1
ncrate	1
ncredit	1
nct2018	1
ncurta	1
ndad	1
ndaily	1
ndate	1
ndear	1
ndeclaration	1
ndeep	1
ndefinitely	1
ndelta	1
ndemocrats	1
ndifficult	1
ndiphtheria	1
ndizzy	1
ndo	1
ndoors	1
ndown	1
nds	1
nec	1
necessarily	1
necklaces	1
needhi	1
needing	1
negativity	1
negovan	1
neighbor	1
neighborhood	1
neither	1
nekyon	1
nelly	1
nenjoy	1
nenrol	1
nenthusiastic	1
nepisode	1
nespn	1
neston	1
netneutrality	1
netsy	1
networkmarketingblog	1
neutrality	1
nevada	1
neverending	1
nevermind	1
nevil	1
newborns	1
newest	1
newinventory	1
newmarket	1
newpaper24	1
newsintweets	1
newsweek	1
nexpediting	1
nextensive	1
nfaceb	1
nfantastic	1
nfb	1
nfeaturing	1
nfo	1
nfoh	1
nformer	1
nft	1
nga	1
nganko	1
ngo	1
ngos	1
ngovernor	1
ngrand	1
ngreat	1
ngst	1
ngtfoh	1
nhailing	1
nhard	1
nhep	1
nhere	1
nheres	1
nhis	1
nhold	1
nhollywood	1
nhonored	1
nhousetrained	1
nhtt	1
nhttps	1
nhuman	1
nhunley	1
nicky	1
nig	1
niggas	1
nights	1
nike	1
nimpress	1
ninfluenza	1
ninja	1
nippseyhussle	1
nisrael	1
nive	1
nj	1
njapanese	1
njaydee	1
njoin	1
njournalist	1
nkaren	1
nkids	1
nkisi	1
nkisses	1
nlas	1
nlived	1
nlos	1
nlostcat	1
nlpoli	1
nmarch	1
nmardi	1
nmaryland	1
nmay	1
nmessage	1
nmixing	1
nmoca	1
nmomentum	1
nmr	1
nmultiple	1
nmusic	1
nnatalac	1
nneed	1
nneglected	1
nnevada	1
nnew	1
nnigeria	1
nno	1
nnothing	1
nnumber	1
nnyc	1
nobedient	1
noel	1
nof	1
nogi	1
noh	1
noise	1
nokay	1
nold	1
nomani	1
nominated	1
none	1
nonline	1
nonprofit	1
nook	1
nooooo	1
nopalera	1
normally	1
norms	1
northeastern	1
norton	1
nostril	1
nosub	1
nosy	1
notfakenews	1
noth	1
noticeboard	1
noticed	1
noticing	1
notification	1
notified	1
noutside	1
novelist	1
nover	1
novice	1
nowplaying	1
nowweno	1
npenang	1
npeople	1
nphotographer	1
nphotos	1
npics	1
npoints	1
npontiac	1
npope	1
nposted	1
nprosecuting	1
nput	1
nrate	1
nread	1
nreally	1
nregister	1
nrepost	1
nrescheduled	1
nreserve	1
nrev	1
nrex	1
ns	1
nsa	1
nsarah	1
nscandal	1
nschedule	1
nsearch	1
nsecaucus	1
nsee	1
nself	1
nservice	1
nshare	1
nshit	1
nshouting	1
nshow	1
nsmart	1
nsmrookiesshow	1
nsnapchat	1
nsocial	1
nsocials	1
nsomeone	1
nsoule	1
nsounds	1
nspeedy	1
nspoli	1
nstore	1
nsubject	1
nsurely	1
nsusan	1
nsw	1
nsymbolism	1
nsymphony	1
ntammie	1
nteam	1
ntech	1
nthanks	1
nthankyou	1
nthen	1
nther	1
nthere	1
nthunderridge	1
nticket	1
ntickets	1
ntimings	1
ntonight	1
ntop	1
ntopics	1
ntowers	1
ntribute	1
ntried	1
nudp	1
nuestras	1
nuevo	1
nugliness	1
nuhh	1
num	1
numbers	1
numinbah	1
nunderweight	1
nunfortunately	1
nunit	1
nurses	1
nutterly	1
nv	1
nvaccine	1
nvenue	1
nvia	1
nvideo	1
nview	1
nw	1
nwa	1
nwabia	1
nwatch	1
nweek	1
nwell	1
nwestpark	1
nwhatever	1
nwhats	1
nwhere	1
nwildness	1
nwith	1
nwithout	1
nwo	1
nwoohoo	1
nwriters	1
nwritten	1
nyaser	1
nyawiyu	1
nyeah	1
nyes	1
nyoung	1
nytimes	1
nz	1
oak	1
oakland	1
obamafluffer	1
obey	1
obispo	1
objects	1
observed	1
obsolete	1
occupation	1
occurs	1
october	1
od	1
odd	1
odelay	1
odin	1
offa	1
offend	1
offered	1
offers	1
officers	1
offices	1
officially	1
offsite	1
ohhh	1
ojim	1
okay	1
oklaed	1
okleg	1
okteacherwalkout	1
oldies	1
olds	1
ole	1
olive	1
olm	1
onairnow	1
onedaymore	1
ongoing	1
onlin	1
onlinebusiness	1
onpoli	1
onreminding	1
ontario	1
ontpoli	1
opened	1
opener	1
openhouseglendale	1
operator	1
opioid	1
opo	1
oppo	1
oppof7	1
oppression	1
optimize	1
opting	1
opto	1
orange	1
orchestra	1
ordering	1
ordinary	1
oregons	1
oreo	1
organise	1
organism	1
organized	1
oriented	1
orlando	1
osage	1
oscar	1
osm	1
ospe	1
ot	1
otahuhu	1
othe	1
otherwise	1
ouchark	1
outback	1
outed	1
outifts	1
outlines	1
outraged	1
outstanding	1
outta	1
outtatime	1
ov	1
oven	1
overall	1
overcome	1
overdrivefitness	1
overdrivemethod	1
overhead	1
overrated	1
oversite	1
overused	1
overview	1
overwhelmed	1
owners	1
owns	1
ox	1
oxford	1
oxzgen	1
oz	1
p3	1
packs	1
padalecki	1
padayon	1
paddlers	1
padm	1
pageantry	1
pagkakataon	1
painted	1
painter	1
painting	1
paintings	1
pairings	1
pakatan	1
pal	1
palace	1
palestine	1
palm	1
palmvalley	1
pampered	1
pancake	1
panthers	1
pants	1
papyrus	1
paramhansa	1
pardue	1
pariah	1
parklandhearts	1
parkmanbandstand	1
participation	1
partly	1
partner	1
partners	1
partnership	1
pasadena	1
pascha	1
pasciuti	1
pasifka	1
passing	1
passwords	1
pastor	1
pastors	1
pastries	1
path	1
pathtoglory	1
patty	1
pause	1
paw	1
paying	1
payperclick	1
pays	1
pba	1
pbc	1
pd	1
peaceful	1
peacefully	1
peacekeeper	1
pedego	1
pediatrician	1
pedogate	1
pee	1
peg	1
pei	1
pen	1
pence	1
pending	1
pennsylvania	1
pens	1
pensions	1
peop	1
pep	1
pepper	1
per	1
perceived	1
percent	1
performance	1
perimeter	1
perino	1
permanently	1
permit	1
perpetrate	1
persecution	1
persists	1
personally	1
peterson	1
petition	1
petrol	1
petsmart	1
pettis	1
petty	1
pfeiffer	1
pg	1
pgmf2k18	1
pharma	1
pharmaceutical	1
pharmacy	1
phenomenon	1
philade	1
philosophy	1
phinma	1
phishing	1
photoshoot	1
phyllis	1
picanha	1
pickles	1
piece	1
pieces	1
pierce	1
pigs	1
pilot	1
piloting	1
pimp	1
pinas	1
pine	1
pioneers	1
pipeline	1
pirates	1
pit	1
pitch	1
pitchatpalace	1
pittie	1
pixelero	1
pizza	1
pizzagate	1
pj	1
pki	1
placement	1
places	1
plague	1
plain	1
planned	1
planner	1
plasma	1
plates	1
played	1
players	1
playoffactivated	1
playoffs	1
playwrights	1
plea	1
pleased	1
pleaseeeee	1
pledgeofallegiance	1
pleeeeaase	1
plug	1
plumbing	1
pm3	1
pms	1
pocket	1
podcasting	1
podesta	1
poem	1
poetry	1
poets	1
polici	1
policing	1
politech	1
politely	1
politician	1
politics	1
poll	1
pomona	1
pond	1
pop	1
pope	1
popmusic	1
porn	1
pornhub	1
port	1
portable	1
portrayal	1
pos	1
posed	1
positions	1
positivity	1
possible	1
postoffice	1
poston	1
poured	1
pow	1
powerinpartnerships	1
powerlifting	1
practicestheir	1
praising	1
pranks	1
praying	1
precious	1
predators	1
predict	1
predicts	1
prefer	1
pregnant	1
premission	1
preorder	1
preparations	1
prepared	1
preparing	1
prepping	1
prescientinfo	1
presented	1
presenter	1
presenters	1
presenting	1
press	1
presses	1
pretzel	1
preventable	1
priced	1
priddle	1
pridepassionpurpose	1
primer	1
principal	1
printables	1
prior	1
pristine	1
privac	1
privilege	1
prize	1
prizes	1
proactively	1
proc	1
proce	1
procedures	1
processing	1
prod	1
produc	1
produces	1
production	1
professionally	1
profitability	1
profited	1
program	1
programs	1
progress	1
prohibition	1
promising	1
promotion	1
prompting	1
promptly	1
proof	1
proper	1
property	1
prophet	1
prophetic	1
propoganda	1
proposal	1
propose	1
prosecco	1
prosecutemercer	1
prosecutor	1
prospecting	1
prosperity	1
prostitutes	1
protesting	1
proud2bveryconservative	1
proved	1
provide	1
provided	1
pruitts	1
psychiatry	1
pta	1
publica	1
publication	1
publicity	1
publicspeaking	1
publisher	1
publishing	1
pulled	1
pump	1
pumps	1
puna	1
pup	1
puppies	1
pups	1
purchase	1
pure	1
puregrenada	1
puremagicvacations	1
purity	1
purrcatcafe	1
pushes	1
pushing	1
putting	1
pvcs	1
pwj10271102	1
pyrotechnics	1
q1	1
qanon8chan	1
qcpoli	1
qualify	1
quality	1
queensizebed	1
quesadilla	1
questionable	1
questioned	1
quickly	1
quilt	1
quinn	1
quinte	1
quite	1
r1	1
rabbi	1
race	1
racially	1
rafiyamusic	1
ragdoll	1
rage	1
raiders	1
rail	1
rain	1
rainbows	1
rainey	1
raising	1
ram	1
ramon	1
rams	1
ran	1
ranchosanrafael	1
rang	1
rankin	1
ranking	1
rapchallenge	1
rapporteur	1
rate	1
rated	1
rates	1
raul	1
rave	1
ray	1
raychandler	1
rdo2018	1
rea	1
react	1
reacting	1
reader	1
reality	1
realization	1
realnews	1
reasonable	1
rebekah	1
reboot	1
reccomended	1
rece	1
recipe	1
recirculating	1
recmlife	1
reco	1
recognise	1
recognize	1
recommend	1
recon	1
reconsider	1
recordingstudio	1
recovering	1
recreation	1
recruiting	1
recuse	1
reda	1
redbud	1
redcarpetglam	1
redes	1
reengagement	1
reference	1
referendum	1
reflect	1
reflecting	1
refuse	1
regal	1
regarding	1
regardless	1
regencyboxingmilton	1
reggae	1
regime	1
regimes	1
regions	1
register	1
registration	1
regulations	1
rehfeld	1
rei	1
reich	1
reilly	1
reinert	1
reinforcement	1
reiterate	1
reitz	1
rekindling	1
relate	1
relates	1
relation	1
relations	1
relationship	1
relatively	1
relaxing	1
rele	1
relevant	1
relicsales	1
reliever	1
remain	1
remaining	1
remake	1
remarkable	1
remarks	1
remind	1
reminded	1
reminding	1
remington	1
remodel	1
remotely	1
removal	1
removes	1
rendered	1
rendering	1
renegade	1
renew	1
reno	1
rent	1
reo	1
rep	1
repatriation	1
repealing	1
repent	1
repn	1
repost	1
represent	1
representing	1
republican	1
request	1
requests	1
reserve	1
resettlement	1
residency	1
resolution	1
respective	1
respectively	1
responsibility	1
restricts	1
result	1
resulting	1
retreat	1
retro	1
returned	1
returning	1
reuben	1
reunion	1
reveal	1
revealing	1
revelations	1
revelers	1
revenue	1
reviews	1
revision	1
revisions	1
revolt	1
revolutionary	1
reward	1
rewarding	1
rewrites	1
rex	1
rexcam	1
rey	1
reyes	1
rgv	1
rhs	1
rhyme	1
rhythm	1
ri	1
rib	1
ribbon	1
rice	1
richardarmitage	1
richardson	1
richer	1
rides	1
ridge	1
ridiculous	1
ridiculously	1
rig	1
rightfully	1
rik	1
rimes	1
riojas	1
rip	1
ripped	1
rise	1
risehou2018	1
rising	1
rival	1
rivershred	1
riveting	1
rmx	1
roadhouse	1
roc	1
rocker	1
rocket	1
rocking	1
rocks	1
rockwall	1
rockwell	1
rodgers	1
rodney	1
rofl	1
rohingya	1
roldn	1
roll	1
rolle	1
roller	1
rollin	1
rolling	1
rolls	1
rom	1
romanello	1
roof	1
roos	1
root	1
roots	1
rose	1
roselli	1
rosemary	1
rosemont	1
rotary	1
rotaryconf2018	1
rote	1
rotfl	1
rough	1
roundabout	1
rounds	1
row	1
rts	1
rub	1
rubber	1
rucker	1
rude	1
rumbaenanglais	1
rumors	1
rundle	1
runway	1
russians	1
russias	1
ryver	1
saanich	1
sabrina	1
sac	1
sacrificed	1
sacrificing	1
sadness	1
sage	1
sail	1
salaries	1
salinas	1
sally	1
salmon	1
saltspring	1
salty	1
salvation	1
sample	1
samsung	1
sanbernardino	1
sanctuary	1
sand	1
sandbergs	1
sandiego	1
sang	1
sant	1
sante	1
sarah	1
sassy	1
satanists	1
satire	1
satisfy	1
saturn	1
sauce	1
sauvignon	1
savage	1
saved	1
saving	1
sb54	1
sc	1
scalawags	1
scandals	1
scanning	1
scantron	1
scarcity	1
scared	1
scarsbrook	1
scary	1
scenes	1
scenic	1
scheduled	1
schizophrenic	1
schmid	1
schmidt	1
scholarships	1
schweizer	1
scientists	1
scl	1
scoop	1
scooter	1
scorpio	1
scotland	1
scottish	1
scraped	1
scratched	1
screened	1
screenshot	1
screenshots	1
screenwriter	1
screw	1
scrilla	1
script	1
scripted	1
scroll	1
scrstf	1
scrubadubdub	1
seafood	1
sealed	1
seaman	1
sean	1
seaofthieves	1
seared	1
season2	1
sebastian	1
secondamendment	1
seconds	1
section	1
secured	1
sed	1
seebo	1
seed	1
seefried	1
seem	1
seemingly	1
seenenoughtobacco	1
seize	1
select	1
selected	1
sellerinfoevent	1
sellers	1
sells	1
selma	1
semi	1
senator	1
sending	1
seniors	1
senses	1
sensitive	1
sensors	1
sentenced	1
sentindo	1
sentinel	1
sequential	1
serve	1
serves	1
serving	1
seth	1
settings	1
settingthestandard	1
settle	1
several	1
severn	1
sevices	1
sextech	1
sexual	1
sf	1
sfac	1
sg	1
sgt	1
shadow	1
shady	1
shakespeare	1
shambles	1
shamefully	1
shane	1
shaping	1
shar	1
sharks	1
sharp	1
shasta	1
shat	1
shaun	1
shawcroft	1
sheena	1
shelby	1
shell	1
shenseeas	1
shepards	1
sheraton	1
sherry	1
sherwood	1
sherylsandberg	1
shiamak	1
shingeki	1
shinhan	1
shiny	1
shipping	1
ships	1
shock	1
shoe	1
shopee	1
shoppe	1
shorting	1
shortly	1
shouldhavebroughtmyumbrella	1
showtunes	1
shriveled	1
shuffle	1
shuttered	1
sidewalksale	1
signal	1
signals	1
signature	1
significant	1
siguenos	1
silence	1
silenced	1
silks	1
silversponsor	1
simerman	1
simmons	1
simpatico	1
simpler	1
simpsoncollegedemocrats	1
sing	1
singapore	1
sir	1
sircna	1
sisiter	1
sisser	1
sister	1
sit	1
sitter	1
sitters	1
sitting	1
sizes	1
skass	1
skies	1
skiff	1
skirt	1
skpoli	1
sky	1
skydio	1
skydiving	1
sl	1
slammed	1
slanted	1
slap	1
slashdot	1
slaying	1
slc	1
sleepy	1
sleeves	1
slient	1
slots	1
slow	1
slp	1
slps	1
smaller	1
smalltownlove	1
smallville	1
smartphone	1
smartphones	1
smashing	1
smb	1
smh	1
smilesatsummerhill	1
smiling	1
smith	1
smoke	1
smoked	1
smoochies	1
sms	1
smtownindubai	1
smtrue	1
snake	1
snakes	1
sneak	1
snooz	1
snowinapril	1
snuggl	1
soaking	1
soaps	1
soaring	1
socal	1
sociales	1
socialmediamarketing	1
softball	1
sokno	1
solar	1
soldiers	1
solutio	1
som	1
somehow	1
somewhere	1
songs	1
songwriter	1
songwriters	1
soni	1
sonya	1
sooo	1
sor	1
sorella	1
sort	1
sought	1
sounded	1
sounding	1
southaven	1
southeastrhodesia	1
southkoreais	1
southwestern	1
sowore	1
sox	1
soybeans	1
spa	1
spacecase	1
spaces	1
spacetimebender	1
spanish	1
spate	1
spayed	1
specialeducationph	1
specialize	1
specifically	1
spectacular	1
speedwagon	1
spell	1
spewing	1
spike	1
spiral	1
spirited	1
spittle	1
spivs	1
splash	1
splashtopia	1
split	1
spoken	1
sportsperformance	1
spotify	1
spotty	1
spri	1
springbreak	1
springfield	1
spurpose	1
spying	1
sr15b	1
sr20	1
src	1
sspa	1
stabbed	1
stable	1
stainless	1
standing	1
standup	1
stanley	1
starbucks	1
stardust	1
starkville	1
starnes	1
starness	1
starter	1
startups	1
stationbeach	1
staybusy	1
stays	1
staystrong	1
steady	1
steele	1
stellar	1
stem	1
stenographers	1
steph	1
stephens	1
stephenville	1
sterling	1
steve	1
stevie	1
steward	1
stick	1
stigma	1
stir	1
stockholm	1
stoddert	1
stole	1
stoneshiver	1
stonewall	1
stopbiafrakillings	1
stoplight	1
stopping	1
stories	1
storm	1
storms	1
stormthegates	1
stormygate	1
storyteller	1
stout	1
strand	1
strange	1
stranger	1
strapelli	1
strategies	1
strategy	1
straws	1
streamed	1
streamers	1
streetvet	1
strengths	1
stress	1
stressful	1
strickland	1
strictly	1
strides	1
strikes	1
striving	1
struggle	1
struggled	1
strzok	1
stubby	1
studded	1
studentlife	1
stuffing	1
styles	1
styling	1
su	1
submissions	1
submit	1
subscriber	1
subscription	1
subsidy	1
substance	1
subtly	1
subway	1
suc	1
successfully	1
sucks	1
sudden	1
suffer	1
suffice	1
sugar	1
suggested	1
suit	1
suite	1
suits	1
summerside	1
sundae	1
sunglasses	1
sunlight	1
sunset	1
sunshine	1
sunspot	1
superb	1
superior	1
superjunior	1
superman	1
supermarket	1
superoos	1
supershow	1
supershow7	1
suplicy	1
supplementation	1
supplying	1
supportlocalarts	1
sur	1
surely	1
surface	1
surgery	1
surprise	1
surrounded	1
surrounds	1
survive	1
survivor	1
susan	1
sushi	1
suspend	1
suspension	1
suspicious	1
swag	1
sway	1
swear	1
sweat	1
sweatpants	1
sweaty	1
sweetest	1
swell	1
swim	1
swimbikerun	1
swindon	1
swipe	1
swish	1
swisher	1
swiss	1
switch	1
swoop	1
sxsw	1
syang	1
sycophancy	1
sydney	1
sympathy	1
syphylis	1
table	1
tablet	1
tactical	1
tadaima	1
tagging	1
tailored	1
taipei	1
takeshit	1
talent	1
talents	1
talents2kin	1
talks	1
taller	1
tallships	1
tamale	1
tamales	1
tampa	1
tan	1
tangerine	1
tango	1
tank	1
tapes	1
tardes	1
targe	1
targeting	1
targets	1
tarot	1
tasha	1
task	1
taste	1
tastefully	1
taster	1
tastic	1
tastings	1
tav	1
tawna	1
taxes	1
taylormorrisrise	1
tcot	1
tcu	1
td	1
teachers	1
teaming	1
teams	1
teamuk	1
techcrunchs	1
technical	1
technicians	1
techniques	1
technosupport	1
tecng	1
tedious	1
teenager	1
teens	1
teller	1
tellingit	1
tellmeyoulovemetour	1
tells	1
temecula	1
temperature	1
temperatures	1
temple	1
temporary	1
tended	1
tennessee	1
tent	1
tenth	1
tenuous	1
term	1
terrible	1
terrifying	1
terrorist	1
testament	1
tetas	1
texan	1
text	1
texture	1
tfnw18	1
tgsmastermind	1
tgssearch	1
thailand	1
thankgoodnessforthefourphrases	1
thatll	1
theatres	1
thebreakfastclub	1
thecrowdupdater	1
thegreatlakes	1
theology	1
thesauce	1
thesongbirdsupreme	1
thetapallamethod	1
thevoid	1
thi	1
thiel	1
thier	1
thin	1
thingzmyparentsdontknowaboutme	1
thinkgreen	1
thinks	1
thor	1
threatens	1
threats	1
throckmorton	1
thru	1
thunderstorm	1
thurs	1
thwart	1
tickling	1
tictocnews	1
tier	1
tierras	1
ties	1
tight	1
tiles	1
timefor	1
timeline	1
timeout	1
timer	1
timewarp	1
timo	1
tin	1
tinaroo	1
tiny	1
tips	1
tiptoeing	1
title	1
tits	1
titten	1
tje	1
tko	1
tl	1
tmrw	1
tnt	1
toast	1
tobacco	1
todays	1
todd	1
toddler	1
toddlercostumes	1
toles	1
toll	1
toma	1
tomor	1
tomy	1
toned	1
tones	1
tonnes	1
tony	1
tonymoly	1
topic	1
topics	1
topinsurtechcompanies	1
topoli	1
tops	1
totempole	1
toto	1
tough	1
tougher	1
towards	1
tower	1
towers	1
townhall	1
townhome	1
towns	1
toy	1
toys	1
tp	1
tpt	1
tracekitoko	1
tracked	1
tracks	1
trading	1
traditions	1
traffic	1
tragic	1
trained	1
trainer	1
trainlikeanathlete	1
transferred	1
transformed	1
transit	1
transmitted	1
transparent	1
transport	1
traveling	1
travels	1
treatment	1
treatments	1
tremendous	1
trend	1
trevathon	1
trevor	1
trey	1
tri	1
trial	1
trials	1
tribal	1
tribbles	1
trickle	1
trinity	1
trisha	1
trivia	1
trolls	1
troops	1
troubles	1
trouser	1
truest	1
trumprussia	1
trumptrain	1
trumptrain2020	1
trustworthy	1
tttfc	1
tube	1
tubers	1
tubes	1
tucson	1
tug	1
tulsa	1
tumultuous	1
tuna	1
turkey	1
turnkey	1
turnout	1
turquoise	1
turtle	1
tutu	1
tvxq	1
tvxqindubai	1
tweet	1
tweeters	1
tweeting	1
tweetstorm	1
twenty	1
twisted	1
twists	1
twn	1
type	1
tyranny	1
tytlive	1
u12	1
u16s	1
uah	1
uber	1
uc	1
ufw	1
ugh	1
ugly	1
ukrainian	1
umass	1
unable	1
unattended	1
unborn	1
uncle	1
uncomfortable	1
underwear	1
undue	1
unearthedfilms	1
unequivocal	1
unfair	1
unfixable	1
unfortunately	1
uni	1
union	1
unique	1
unit	1
unitl	1
universal	1
universerhythms	1
unknown	1
unlimi	1
unlook	1
unlv	1
unlvmusic	1
unprecedented	1
unreleased	1
unrestrained	1
unsaid	1
unscrupulous	1
unsealed	1
unsending	1
unveils	1
updated	1
upfront	1
upload	1
uptown	1
ur	1
urban	1
urbanandtheshedcrew	1
urg	1
urge	1
urge2hunt	1
urinate	1
url	1
usability	1
usb	1
useless	1
username	1
utah	1
uwe	1
va	1
vacancy	1
vacation	1
vacations	1
vader	1
vagina	1
vague	1
valerian	1
validating	1
valued	1
van	1
vando	1
vanessa	1
vanpoli	1
vanre	1
varadkar	1
variety	1
vasallo	1
vasquez	1
vaz	1
vecchia	1
vedio	1
vehicle	1
velma	1
vendors	1
venturebeat	1
ver	1
vercruysse	1
verse	1
versus	1
veterans	1
veto	1
vets	1
vetted	1
vi	1
vibe	1
vice	1
victorious	1
videofest	1
videographers	1
vidsummit	1
viendo	1
viene	1
vietnamese	1
viktor	1
vimeo	1
vincent	1
vintage	1
vintagefabric	1
violations	1
vision	1
visions	1
visitation	1
visited	1
visitkoreato	1
visits	1
vista	1
visual	1
vitamin	1
vogue	1
voiced	1
vol	1
volley	1
volleybal	1
volunteering	1
voniykemusic	1
voter	1
votes	1
vows	1
vr	1
vraiment	1
vtech	1
vulnerable	1
vybz	1
wahl	1
waited	1
wakandaforever	1
wal	1
waleed	1
wales	1
walked	1
walks	1
wallet	1
wallsofhonor	1
wally	1
walmart	1
walter	1
wannaone	1
wanting	1
wapo	1
ward	1
warden	1
warringah	1
washed	1
wat	1
watchnow	1
waterfall	1
watery	1
wausauwi	1
wayyyyy	1
wbk	1
wearebonzai	1
webdesign	1
websites	1
weekdaywarrior	1
weekendreads	1
weekes	1
weho	1
wekimeki	1
wells	1
weloveourcustomers	1
westminster	1
westshoresurfshoppe	1
westwa	1
wether	1
weygandt	1
wgbh	1
wgn	1
whatever	1
whereabouts	1
whered	1
whilst	1
whisky	1
wholefoods	1
wholesaleautos	1
whoop	1
whoosah	1
whos	1
whyyyyyyyyy	1
wiggly	1
wildbeat	1
wilderness	1
willpower	1
windrose	1
wing	1
wings	1
wins	1
winterfell	1
wipjoy	1
wishes	1
witemeyer	1
wjsn	1
wmog	1
wo	1
wondered	1
wonders	1
wood	1
woohoo	1
wordsoftheweek	1
workers	1
workshop	1
worldnewsintweets	1
worldwide	1
worried	1
worries	1
worry	1
worthy	1
wound	1
wounded	1
wounds	1
writes	1
wu	1
wwwwwlwwww	1
wyndham	1
wyoming	1
xbox	1
xd	1
xiii	1
xoxo	1
xrays	1
xxix	1
xxxs	1
yahoo	1
yamaha	1
yanto	1
yapp	1
yar	1
yard	1
yaritsa	1
yaser	1
yasser	1
yearly	1
yellow	1
yep	1
yer	1
yesssssss	1
yikes	1
yiww	1
yogananda	1
yogi	1
yogifail	1
yogurt	1
yorktown	1
youaregod	1
youll	1
youngmoney	1
younique	1
yournews15	1
youths	1
yr	1
yrs	1
yukon	1
yum	1
yummy	1
yunnostra	1
z	1
zarzuela	1
zassy	1
zayns	1
zero	1
zillion	1
zink	1
zinke	1
zipfizz	1
zlatin	1
zone	1
zucc	1
zuckface	1
zuniga	1
